﻿<?xml version="1.0" encoding="utf-8" standalone="no" ?>
<modDesc descVersion="40">
    <author>Rene/PiKax0</author>
    <version>1.0</version>
	<title>
        <en>Placable silos</en>
        <de>Platzierbare silos</de>
    </title>
	<description>
	<en><![CDATA[Placable silos]]></en>
	<de><![CDATA[Placable silos]]></de>
    </description>
    <iconFilename>modlogo.png</iconFilename>
	
	<l10n>
		<text name="function_buyingStation">
			<en>This are placeable Silos.</en>
			<de>Dies sind Platzierbare Silo.</de>
		</text>
    </l10n>
	
    <storeItems>
        <storeItem rootNode="placeable" xmlFilename="waterTank_seeds.xml"/>
        <storeItem rootNode="placeable" xmlFilename="waterTank_lime.xml"/>
        <storeItem rootNode="placeable" xmlFilename="waterTank_herbicide.xml"/>
        <storeItem rootNode="placeable" xmlFilename="waterTank_fertilizer.xml"/>
        <storeItem rootNode="placeable" xmlFilename="waterTank_liquidfertilizer.xml"/>
    </storeItems>
<multiplayer supported="true" />
</modDesc>
