﻿<?xml version="1.0" encoding="utf-8" standalone="no" ?>
<placeable>
    <storeData>
        <name>  
		<en>Herbicide Station</en>
		<de>Pflanzenschutz Station</de>
        </name>
        <image>store_herbicide.png</image>
        <functions>
            <function>$l10n_function_buyingStation</function>
        </functions>
        <specs>
            <capacity>200000</capacity>
            <fillTypes>herbicide</fillTypes>
        </specs>
        <price>5000</price>
        <dailyUpkeep>5</dailyUpkeep>
        <canBeSold>true</canBeSold>
        <showInStore>true</showInStore>
        <lifetime>1000</lifetime>
        <rotation>0</rotation>
        <brand>LIZARD</brand>
        <species>placeable</species>
        <category>placeableMisc</category>
        <vertexBufferMemoryUsage>48896</vertexBufferMemoryUsage>
        <indexBufferMemoryUsage>8640</indexBufferMemoryUsage>
        <textureMemoryUsage>2097256</textureMemoryUsage>
        <instanceVertexBufferMemoryUsage>0</instanceVertexBufferMemoryUsage>
        <instanceIndexBufferMemoryUsage>0</instanceIndexBufferMemoryUsage>
    </storeData>
    <placeableType>silo</placeableType>
    <filename>waterTank_herbicide.i3d</filename>
    <placement testSizeX="4" testSizeZ="4" sizeX="3" sizeZ="3" useRandomYRotation="false" useManualYRotation="true"/>
    <clearAreas>
        <clearArea startNode="2|0" widthNode="2|0|0" heightNode="2|0|1"/>
    </clearAreas>
    <!-- <leveling requireLeveling="true" maxSmoothDistance="8" maxSlope="30" maxEdgeAngle="30"> -->
    <!-- </leveling> -->
    <loadingStation stationName="herbicide" appearsOnPDA="false" storageRadius="50" fillSoundIdentifier="fillSound01">
        <loadTrigger triggerNode="0|1|0|0|0" fillLitersPerSecond="450" dischargeNode="0|1|0|0|1"/>
    </loadingStation>
    <unloadingStation stationName="herbicide" appearsOnPDA="false" storageRadius="50">
        <unloadTrigger exactFillRootNode="0|0|0|0|0"/>
    </unloadingStation>
    <storages>
        <storage node="0|2" fillTypes="herbicide" capacityPerFillType="200000" />
    </storages>
</placeable>
