﻿<?xml version="1.0" encoding="utf-8" standalone="no" ?>
<placeable>
    <storeData>
        <name>
            <en>Lime Fill Station w/Auger</en><de>Kaulk Fill Station w/Auger</de></name>
        <functions>
            <function>$l10n_function_buyingStation</function>
        </functions>      
        <image>store.png</image>
        <price>10000</price>
        <lifetime>1000</lifetime>
        <dailyUpkeep>45</dailyUpkeep>
        <rotation>0</rotation>
        <brand>LIZARD</brand>
        <species>placeable</species>
        <category>placeableMisc</category>
        <vertexBufferMemoryUsage>180404</vertexBufferMemoryUsage>
        <indexBufferMemoryUsage>32964</indexBufferMemoryUsage>
        <textureMemoryUsage>5680200</textureMemoryUsage>
        <instanceVertexBufferMemoryUsage>0</instanceVertexBufferMemoryUsage>
        <instanceIndexBufferMemoryUsage>0</instanceIndexBufferMemoryUsage>
    </storeData>
    <placeableType>buyingStation</placeableType>
    <filename>farmSiloSmall.i3d</filename>
    <placement testSizeX="17" testSizeZ="17" sizeX="12" sizeZ="12" useRandomYRotation="false" useManualYRotation="true"/>
           
    <clearAreas>
        <clearArea startNode="3|0" widthNode="3|0|0" heightNode="3|0|1"/>
    </clearAreas>
    <hotspots>
        <hotspot name="Farm silo" fullName="$l10n_station_farmSilo" imageName="SELLING_POINT" hidable="true" linkNode="0|3" category="CATEGORY_TRIGGERS"/>
    </hotspots>
    <leveling requireLeveling="true" maxSmoothDistance="5" maxSlope="30" maxEdgeAngle="20">
        <levelAreas>
            <levelArea startNode="3|0" widthNode="3|0|0" heightNode="3|0|1" groundType="dirt"/>
        </levelAreas>
    </leveling>
    <tipOcclusionUpdateArea sizeX="25" sizeZ="25"/>
	<buyingStation stationName="fertilizerFillTrigger" appearsOnPDA="false" storageRadius="0" fillSoundIdentifier="fillSound01">
        <loadTrigger triggerNode="0|1|0|0|0" fillLitersPerSecond="200" dischargeNode="0|1|0|0|1">
            <effectNode effectClass="PipeEffect" effectNode="0|1|0|0|2|0" materialType="pipe" materialTypeId="1" fadeTime="0.5" maxBending="0" controlPoint="3.75 0 0 0"/>
            <effectNode effectNode="0|1|0|0|2|1" materialType="smoke" materialTypeId="1" fadeTime="0.5"/>
        </loadTrigger>
        <fillType name="lime" priceScale="1"/>        
    </buyingStation>
</placeable>
