﻿<?xml version="1.0" encoding="utf-8" standalone="no" ?>
<modDesc descVersion="40">
    <author>cjwilksy</author>
    <version>1.0</version>
    <iconFilename>icon.png</iconFilename>

    <title>
        <en>Placeable Lime Fill w/Auger</en>
        <de>Placeable Lime Fill w/Auger</de>
    </title>
    <description>
        <en>Lime Fill Station w/Auger</en>
        <de>Lime Fill Station w/Auger</de>
    </description>
    <multiplayer supported="true"/>

    <storeItems>
        <storeItem rootNode="placeable" xmlFilename="farmSiloSmall.xml"/>
    </storeItems>
</modDesc>
