<?xml version="1.0" encoding="utf-8" standalone="no" ?>
<placeable>

    <storeData>
        <name>Gärrestelager klein</name>
        <image>digestateStorage.dds</image>
        <price>13000</price>
        <dailyUpkeep>1</dailyUpkeep>
        <lifetime>1000</lifetime>
        <rotation>0</rotation>
        <brand>HOTTOOLS</brand>
        <specs>
            <capacity>500000</capacity>
            <fillTypes>digestate</fillTypes>
        </specs>
		<functions>
			<function>$l10n_function_digestate_small</function>
        </functions>
        <species>placeable</species>
        <category>globalCompanyPlaceable</category>
    </storeData>

    <placeableType>GC_ProductionFactoryPlaceable</placeableType>
    <filename>DIGESTATE_small.i3d</filename>
    <placement testSizeX="18" testSizeZ="20" sizeX="18" sizeZ="20" useRandomYRotation="false" useManualYRotation="true" />
	
	<clearAreas>
        <clearArea startIndex="6|0" widthIndex="6|1" heightIndex="6|2"/>
    </clearAreas>
	
	<leveling requireLeveling="true" maxSmoothDistance="5" maxSlope="30" maxEdgeAngle="20" >
        <levelAreas>
            <levelArea startNode="6|0" widthNode="6|1" heightNode="6|2" groundType="asphalt"/>
        </levelAreas>
    </leveling>
	
	<seasons>
        <maskAreas>
            <maskArea startNode="10|0" widthNode="10|0|0" heightNode="10|0|1" />
        </maskAreas>
    </seasons>
	
    <triggerMarkers>
        <triggerMarker node="4" />
    </triggerMarkers>
		<productionFactories>
		<productionFactory indexName="DIGESTATE_small" saveId="globalCompany_digestatesmall" >
			<guiInformation title="HoTFillables_digestate_small_FactoryName" imageFilename="digestateStorage.dds" description="HoTFillables_digestate_small_FactoryDescription" cameraFeed="gui_camera"/>
			
			<operation updateDelayMinutes="2" showInGlobalGUI="true" showInTablet="true" canPurchaseInputs="true" />
			
			<registerUnloadingTriggers>
				<unloadingTrigger name="UnloadingTriggerLiquid" exactFillRootNode="exactFillRootNode1" />		
			</registerUnloadingTriggers>

			<registerLoadingTriggers>
				<loadingTrigger name="LoadingTrigger" triggerNode="trigger" fillLitersPerSecond="500" autoStart="false">
					<dischargeInfo dischargeNode="dischargeNode" />
					<sounds fillSoundIdentifier="fillSound01" />
				</loadingTrigger>
			</registerLoadingTriggers>
			
			<registerInputProducts>				
				<inputProduct name="IP_LIQUID" capacity="500000" title="HoTFillables_digestate_small_Input1" > 
					<fillTypes>
						<fillType name="digestate" />
						
					</fillTypes>
					
					<purchase fixedPricePerLitre="1" /> <!-- A little more than buying a pallet of wheat -->
					
					<inputMethods>
						<unloadingTrigger name="UnloadingTriggerLiquid"/>
					</inputMethods>						
					
					<digitalDisplays>
						<display displayType="LEVEL" numbers="IN_Display1" emptyNumberColor="1 0 0 1" numberColor="1 1 0 1" fullNumberColor="0 1 0 1"/>
					</digitalDisplays>
				</inputProduct>
			
			</registerInputProducts>
			
			<registerOutputProducts>
				<outputProduct name="OP_DIGESTATESMALL" fillType="digestate" capacity="500000" >
					<outputMethods>
						<loadingTrigger name="LoadingTrigger" />
					</outputMethods>	
					<digitalDisplays>
						<display displayType="LEVEL" numbers="OP_Display" emptyNumberColor="0 1 0 1" numberColor="1 1 0 1" fullNumberColor="1 0 0 1"/>
					</digitalDisplays>
					<movers>
						<mover node="plane1">
							<translation minimum="0.211 0.26 0.039" maximum="0.211 2.661 0.039" />
						</mover>		
					</movers>	
				</outputProduct>
			</registerOutputProducts>
			
			<productLines>
				<productLine autoLineStart="true" outputPerHour="6000000" title="HoTFillables_digestate_small_productLine" showInGUI="true">
					<inputs>
						<inputProduct name="IP_LIQUID" percent="100" />
					</inputs>					
					<outputs>
						<outputProduct name="OP_DIGESTATESMALL" percent="100" />
					</outputs>					
					<playerTrigger playerTriggerNode="PlayerTrigger" showPopupUI="true"/>					
					<operatingParts>						
						<sounds>
							<sound geSoundNode="audio"/>
						</sounds>
						<lighting>
							<beaconLights>
								<beaconLight node="beacon" filename="$data/shared/assets/beaconLights/lizard/beaconLight01.xml" />
							</beaconLights>
						</lighting>
					</operatingParts>
				</productLine>
			</productLines>	
			
			<i3dMappings>  
				<i3dMapping id="plane1" node="0|0" />
				<i3dMapping id="exactFillRootNode1" node="1|0|0" />
    			<i3dMapping id="IN_Display1" node="1|0|1" />
				<i3dMapping id="dischargeNode" node="2|0|1" />
				<i3dMapping id="OP_Display" node="2|1" />
				<i3dMapping id="PlayerTrigger" node="3" />
				<i3dMapping id="beacon" node="7" />
				<i3dMapping id="trigger" node="2|0|0" />
    			<i3dMapping id="audio" node="8" />
				<i3dMapping id="gui_camera" node="9"/>
			</i3dMappings>				
		</productionFactory>
	</productionFactories>

</placeable>
