<?xml version="1.0" encoding="UTF-8" standalone="yes" ?>
<l10n>
	<elements>
		<e k="HoTFillables_digestate_small_FactoryName" v="digestate storage little"/>
		<e k="HoTFillables_digestate_small_FactoryDescription" v="This is a little digestate storage"/>
		<e k="HoTFillables_digestate_small_productLine" v="digestate storage"/>
		<e k="HoTFillables_digestate_small_Input1" v="digestate"/>
		<e k="HoTFillables_digestate_small_Output1" v="digestate"/>
		
		<e k="HoTFillables_digestate_big_FactoryName" v="digestate storage big"/>
		<e k="HoTFillables_digestate_big_FactoryDescription" v="This is a big digestate storage"/>
		<e k="HoTFillables_digestate_big_productLine" v="digestate storage"/>
		<e k="HoTFillables_digestate_big_Input1" v="digestate"/>
		<e k="HoTFillables_digestate_big_Output1" v="digestate"/>
		
		<e k="HoTFillables_liquidManure_small_FactoryName" v="liquidManure storage little"/>
		<e k="HoTFillables_liquidManure_small_FactoryDescription" v="This is a little liquidManure storage"/>
		<e k="HoTFillables_liquidManure_small_productLine" v="liquidManure Storage"/>
		<e k="HoTFillables_liquidManure_small_Input1" v="liquidManure"/>
		<e k="HoTFillables_liquidManure_small_Output1" v="liquidManure"/>
		
		<e k="HoTFillables_liquidManure_big_FactoryName" v="liquidManure storage big"/>
		<e k="HoTFillables_liquidManure_big_FactoryDescription" v="This is a big liquidManure storage"/>
		<e k="HoTFillables_liquidManure_big_productLine" v="liquidManure Storage"/>
		<e k="HoTFillables_liquidManure_big_Input1" v="liquidManure"/>
		<e k="HoTFillables_liquidManure_big_Output1" v="liquidManure"/>
		
		<e k="HoTFillables_milkHouse_FactoryName" v="milkhouse"/>
		<e k="HoTFillables_milkHouse_FactoryDescription" v="milkhouse 1.000.000l"/>
		<e k="HoTFillables_milkHouse_productLine" v="milkhouse"/>
		<e k="HoTFillables_milkHouse_Input1" v="milk"/>
		<e k="HoTFillables_milkHouse_Output1" v="milk"/>
		
		<e k="HoTFillables_waterTank_FactoryName" v="Watertank"/>
		<e k="HoTFillables_waterTank_FactoryDescription" v="Watertank 1.000.000l"/>
		<e k="HoTFillables_waterTank_productLine" v="Watertank"/>
		<e k="HoTFillables_waterTank_Input1" v="Water"/>
		<e k="HoTFillables_waterTank_Output1" v="Water"/>
	</elements>
</l10n>