<?xml version="1.0" encoding="UTF-8" standalone="yes" ?>
<l10n>
	<elements>
		<e k="HoTFillables_digestate_small_FactoryName" v="Gärreste Lager klein"/>
		<e k="HoTFillables_digestate_small_FactoryDescription" v="Gärrestelager 500.000l"/>
		<e k="HoTFillables_digestate_small_productLine" v="Gärrestelager"/>
		<e k="HoTFillables_digestate_small_Input1" v="Gärreste"/>
		<e k="HoTFillables_digestate_small_Output1" v="Gärreste"/>

		<e k="HoTFillables_digestate_big_FactoryName" v="Gärreste Lager gross"/>
		<e k="HoTFillables_digestate_big_FactoryDescription" v="Gärrestelager 1.000.000l"/>
		<e k="HoTFillables_digestate_big_productLine" v="Gärrestelager"/>
		<e k="HoTFillables_digestate_big_Input1" v="Gärreste"/>
		<e k="HoTFillables_digestate_big_Output1" v="Gärreste"/>
		
		<e k="HoTFillables_liquidManure_small_FactoryName" v="Gülle Lager klein"/>
		<e k="HoTFillables_liquidManure_small_FactoryDescription" v="Güllelager 500.000l"/>
		<e k="HoTFillables_liquidManure_small_productLine" v="Güllelager"/>
		<e k="HoTFillables_liquidManure_small_Input1" v="Gülle"/>
		<e k="HoTFillables_liquidManure_small_Output1" v="Gülle"/>
		
		<e k="HoTFillables_liquidManure_big_FactoryName" v="Gülle Lager gross"/>
		<e k="HoTFillables_liquidManure_big_FactoryDescription" v="Güllelager 1.000.000l"/>
		<e k="HoTFillables_liquidManure_big_productLine" v="Güllelager"/>
		<e k="HoTFillables_liquidManure_big_Input1" v="Gülle"/>
		<e k="HoTFillables_liquidManure_big_Output1" v="Gülle"/>
		
		<e k="HoTFillables_milkHouse_FactoryName" v="Milchhaus"/>
		<e k="HoTFillables_milkHouse_FactoryDescription" v="Milchhaus 1.000.000l"/>
		<e k="HoTFillables_milkHouse_productLine" v="Milchhaus"/>
		<e k="HoTFillables_milkHouse_Input1" v="Milch"/>
		<e k="HoTFillables_milkHouse_Output1" v="Milch"/>
		
		<e k="HoTFillables_waterTank_FactoryName" v="Wassertank"/>
		<e k="HoTFillables_waterTank_FactoryDescription" v="Wassertank 1.000.000l"/>
		<e k="HoTFillables_waterTank_productLine" v="Wassertank"/>
		<e k="HoTFillables_waterTank_Input1" v="Wasser"/>
		<e k="HoTFillables_waterTank_Output1" v="Wasser"/>
	</elements>
</l10n>