﻿<?xml version="1.0" encoding="utf-8" standalone="no" ?>
<modDesc descVersion="44">
	<author>HoT online Team /San Andreas - LS-Modcompany / kevink98 - Eribus</author>
    <version>1.0.0.0</version>
    
	<title>
        <en>HoT Fillable Storages</en>
    </title>
    
	<description>
		<en>digestate storages</en>
		<de>Gärreste Lager</de>
		
	</description>
    
	<iconFilename>store_fillables.dds</iconFilename>
    <multiplayer supported="true"/>  
	
	<l10n>
		<text name="function_digestate_small">
			<en>little digestate storage 500.000l</en>
			<de>kleines Gärrestelager 500.000l</de>		
		</text>	
		<text name="function_digestate_big">
			<en>big digestate storage 1.000.000l</en>
			<de>großes Gärrestelager 1.000.000l</de>
		</text>	
		<text name="function_liquidManure_small">
			<en>little liquidManure storage 500.000l</en>
			<de>kleines Güllelager 500.000l</de>		
		</text>	
		<text name="function_liquidManure_big">
			<en>big liquidManure storage 1.000.000l</en>
			<de>großes Güllelager 1.000.000l</de>
		</text>	
		<text name="function_milk">
			<en>milkhouse 1.000.000l</en>
			<de>Milchhaus 1.000.000l</de>		
		</text>	
		<text name="function_water">
			<en>watertank 1.000.000l</en>
			<de>Wassertank 1.000.000l</de>
		</text>				
	</l10n>	
	
	<extraSourceFiles>
		<sourceFile filename="GC_Checker.lua" />
    </extraSourceFiles>
	
	<globalCompany minimumVersion="1.0.0.0" />
  	
	<storeItems>
        <storeItem xmlFilename="digestate_small.xml"/>
		<storeItem xmlFilename="digestate_big.xml"/>
		<storeItem xmlFilename="liquidManure_small.xml"/>
		<storeItem xmlFilename="liquidManure_big.xml"/>
		<storeItem xmlFilename="milkHouse.xml"/>
		<storeItem xmlFilename="waterTank.xml"/>
    </storeItems>

    <brands>
        <brand name="HOTTOOLS" title="HoT-Tools" image="brand.dds"/>
    </brands>
</modDesc>