﻿<?xml version="1.0" encoding="utf-8" standalone="no" ?>
<vehicle type="easyAutoLoader">
    <annotation>Copyright (C) GIANTS Software GmbH, All Rights Reserved.</annotation>
    <storeData>
        <name>
            <en>DPW 210</en></name>
        <functions>
            <function>$l10n_function_easyAutoLoader2</function>
        </functions>
        <image>store_flieglDPW210.png</image>
        <price>26000</price>
        <lifetime>600</lifetime>
        <rotation>0</rotation>
        <brand>FLIEGL</brand>
        <category>UAL</category>
        <shopTranslationOffset>0 -0.05 0</shopTranslationOffset>
        <shopRotationOffset>0 0 0</shopRotationOffset>
        <vertexBufferMemoryUsage>1708376</vertexBufferMemoryUsage>
        <indexBufferMemoryUsage>281610</indexBufferMemoryUsage>
        <textureMemoryUsage>11534552</textureMemoryUsage>
        <instanceVertexBufferMemoryUsage>0</instanceVertexBufferMemoryUsage>
        <instanceIndexBufferMemoryUsage>0</instanceIndexBufferMemoryUsage>
    </storeData>
    <base>
        <typeDesc>$l10n_typeDesc_baleTrailer</typeDesc>
        <filename>flieglDPW210.i3d</filename>
        <size width="3.5" length="13" lengthOffset="0"/>
        <components>
            <component centerOfMass="0 0.7 -3" solverIterationCount="10" mass="2315"/>
            <component centerOfMass="0 0 0.4" solverIterationCount="10" mass="950"/>
            <component solverIterationCount="10" mass="300"/>
            <joint component1="1" component2="2" node="componentJoint01" rotLimit="0 120 0" transLimit="0 0 0"/>
            <joint component1="2" component2="3" node="componentJoint02" rotLimit="0 0 0" transLimit="0 0 0"/>
        </components>
        <schemaOverlay attacherJointPosition="0 0">
            <default name="DEFAULT_IMPLEMENT"/>
            <selected name="DEFAULT_IMPLEMENT_SELECTED"/>
        </schemaOverlay>
    </base>
    <wheels>
        <wheelConfigurations>
            <wheelConfiguration name="$l10n_configuration_valueDefault" price="800">
                <wheels>
                    <wheel filename="$data/shared/wheels/trelleborg/T404/500_45R22_5.xml" isLeft="true" hasTireTracks="true" hasParticles="true">
                        <physics restLoad="0.7" repr="wheelFrontLeft" forcePointRatio="0.5" initialCompression="10" suspTravel="0.13" spring="43" damper="50"/>
                    </wheel>
                    <wheel filename="$data/shared/wheels/trelleborg/T404/500_45R22_5.xml" isLeft="false" hasTireTracks="true" hasParticles="true">
                        <physics restLoad="0.7" repr="wheelFrontRight" forcePointRatio="0.5" initialCompression="10" suspTravel="0.13" spring="43" damper="50"/>
                    </wheel>
                    <wheel filename="$data/shared/wheels/trelleborg/T404/500_45R22_5.xml" isLeft="true">
                        <physics restLoad="0.7" repr="wheelMiddleLeft" forcePointRatio="0.5" initialCompression="10" suspTravel="0.13" spring="43" damper="50"/>
                        <wheelChock parkingNode="wheelChock01"/>
                        <wheelChock parkingNode="wheelChock02" isInverted="true"/>
                    </wheel>
                    <wheel filename="$data/shared/wheels/trelleborg/T404/500_45R22_5.xml" isLeft="false">
                        <physics restLoad="0.7" repr="wheelMiddleRight" forcePointRatio="0.5" initialCompression="10" suspTravel="0.13" spring="43" damper="50"/>
                    </wheel>
                    <wheel filename="$data/shared/wheels/trelleborg/T404/500_45R22_5.xml" isLeft="true" hasTireTracks="true" hasParticles="true">
                        <physics restLoad="0.7" repr="wheelBackLeft" forcePointRatio="0.5" initialCompression="10" suspTravel="0.13" spring="43" damper="50"/>
                    </wheel>
                    <wheel filename="$data/shared/wheels/trelleborg/T404/500_45R22_5.xml" isLeft="false" hasTireTracks="true" hasParticles="true">
                        <physics restLoad="0.7" repr="wheelBackRight" forcePointRatio="0.5" initialCompression="10" suspTravel="0.13" spring="43" damper="50"/>
                    </wheel>
                </wheels>
            </wheelConfiguration>
            <wheelConfiguration name="$l10n_configuration_valueWheelBroad" price="1000">
                <wheels>
                    <wheel filename="$data/shared/wheels/trelleborg/T404/560_45R22_5.xml" isLeft="true" hasTireTracks="true" hasParticles="true">
                        <physics restLoad="0.7" repr="wheelFrontLeft" forcePointRatio="0.5" initialCompression="10" suspTravel="0.10" spring="55" damper="50"/>
                    </wheel>
                    <wheel filename="$data/shared/wheels/trelleborg/T404/560_45R22_5.xml" isLeft="false" hasTireTracks="true" hasParticles="true">
                        <physics restLoad="0.7" repr="wheelFrontRight" forcePointRatio="0.5" initialCompression="10" suspTravel="0.10" spring="55" damper="50"/>
                    </wheel>
                    <wheel filename="$data/shared/wheels/trelleborg/T404/560_45R22_5.xml" isLeft="true">
                        <physics restLoad="0.7" repr="wheelMiddleLeft" forcePointRatio="0.5" initialCompression="10" suspTravel="0.10" spring="55" damper="50"/>
                        <wheelChock parkingNode="wheelChock01"/>
                        <wheelChock parkingNode="wheelChock02" isInverted="true"/>
                    </wheel>
                    <wheel filename="$data/shared/wheels/trelleborg/T404/560_45R22_5.xml" isLeft="false">
                        <physics restLoad="0.7" repr="wheelMiddleRight" forcePointRatio="0.5" initialCompression="10" suspTravel="0.10" spring="55" damper="50"/>
                    </wheel>
                    <wheel filename="$data/shared/wheels/trelleborg/T404/560_45R22_5.xml" isLeft="true" hasTireTracks="true" hasParticles="true">
                        <physics restLoad="0.7" repr="wheelBackLeft" forcePointRatio="0.5" initialCompression="10" suspTravel="0.10" spring="55" damper="50"/>
                    </wheel>
                    <wheel filename="$data/shared/wheels/trelleborg/T404/560_45R22_5.xml" isLeft="false" hasTireTracks="true" hasParticles="true">
                        <physics restLoad="0.7" repr="wheelBackRight" forcePointRatio="0.5" initialCompression="10" suspTravel="0.10" spring="55" damper="50"/>
                    </wheel>
                </wheels>
            </wheelConfiguration>
            <wheelConfiguration name="$l10n_configuration_valueWheelNarrow" price="0" isDefault="true">
                <wheels>
                    <wheel filename="$data/shared/wheels/trelleborg/T404/400_55R22_5.xml" isLeft="true" hasTireTracks="true" hasParticles="true">
                        <physics restLoad="0.7" repr="wheelFrontLeft" forcePointRatio="0.5" initialCompression="10" suspTravel="0.14" spring="41" damper="50"/>
                    </wheel>
                    <wheel filename="$data/shared/wheels/trelleborg/T404/400_55R22_5.xml" isLeft="false" hasTireTracks="true" hasParticles="true">
                        <physics restLoad="0.7" repr="wheelFrontRight" forcePointRatio="0.5" initialCompression="10" suspTravel="0.14" spring="41" damper="50"/>
                    </wheel>
                    <wheel filename="$data/shared/wheels/trelleborg/T404/400_55R22_5.xml" isLeft="true">
                        <physics restLoad="0.7" repr="wheelMiddleLeft" forcePointRatio="0.5" initialCompression="10" suspTravel="0.14" spring="41" damper="50"/>
                        <wheelChock parkingNode="wheelChock01"/>
                        <wheelChock parkingNode="wheelChock02" isInverted="true"/>
                    </wheel>
                    <wheel filename="$data/shared/wheels/trelleborg/T404/400_55R22_5.xml" isLeft="false">
                        <physics restLoad="0.7" repr="wheelMiddleRight" forcePointRatio="0.5" initialCompression="10" suspTravel="0.14" spring="41" damper="50"/>
                    </wheel>
                    <wheel filename="$data/shared/wheels/trelleborg/T404/400_55R22_5.xml" isLeft="true" hasTireTracks="true" hasParticles="true">
                        <physics restLoad="0.7" repr="wheelBackLeft" forcePointRatio="0.5" initialCompression="10" suspTravel="0.14" spring="41" damper="50"/>
                    </wheel>
                    <wheel filename="$data/shared/wheels/trelleborg/T404/400_55R22_5.xml" isLeft="false" hasTireTracks="true" hasParticles="true">
                        <physics restLoad="0.7" repr="wheelBackRight" forcePointRatio="0.5" initialCompression="10" suspTravel="0.14" spring="41" damper="50"/>
                    </wheel>
                </wheels>
            </wheelConfiguration>
            <!-- regular truck / street tires -->
            <!-- <wheelConfiguration name="$l10n_configuration_valueWheelNarrow" price="0" isDefault="true"> -->
            <!-- <wheels> -->
            <!-- <wheel filename="$data/shared/wheels/lizard/implement/385_65R22_5.xml" isLeft="true" hasTireTracks="true" hasParticles="true" > -->
            <!-- <physics restLoad="0.7" repr="wheelFrontLeft"   forcePointRatio="0.5" initialCompression="10" suspTravel="0.14" spring="41" damper="50" /> -->
            <!-- </wheel> -->
            <!-- <wheel filename="$data/shared/wheels/lizard/implement/385_65R22_5.xml" isLeft="false" hasTireTracks="true" hasParticles="true" > -->
            <!-- <physics restLoad="0.7" repr="wheelFrontRight"  forcePointRatio="0.5" initialCompression="10" suspTravel="0.14" spring="41" damper="50" /> -->
            <!-- </wheel> -->
            <!-- <wheel filename="$data/shared/wheels/lizard/implement/385_65R22_5.xml" isLeft="true"> -->
            <!-- <physics restLoad="0.7" repr="wheelMiddleLeft"  forcePointRatio="0.5" initialCompression="10" suspTravel="0.14" spring="41" damper="50" /> -->
            <!-- <wheelChock parkingNode="wheelChock01" /> -->
            <!-- <wheelChock parkingNode="wheelChock02" isInverted="true" /> -->
            <!-- </wheel> -->
            <!-- <wheel filename="$data/shared/wheels/lizard/implement/385_65R22_5.xml" isLeft="false"> -->
            <!-- <physics restLoad="0.7" repr="wheelMiddleRight" forcePointRatio="0.5" initialCompression="10" suspTravel="0.14" spring="41" damper="50" /> -->
            <!-- </wheel> -->
            <!-- <wheel filename="$data/shared/wheels/lizard/implement/385_65R22_5.xml" isLeft="true" hasTireTracks="true" hasParticles="true" > -->
            <!-- <physics restLoad="0.7" repr="wheelBackLeft"    forcePointRatio="0.5" initialCompression="10" suspTravel="0.14" spring="41" damper="50" /> -->
            <!-- </wheel> -->
            <!-- <wheel filename="$data/shared/wheels/lizard/implement/385_65R22_5.xml" isLeft="false" hasTireTracks="true" hasParticles="true" > -->
            <!-- <physics restLoad="0.7" repr="wheelBackRight"   forcePointRatio="0.5" initialCompression="10" suspTravel="0.14" spring="41" damper="50" /> -->
            <!-- </wheel> -->
            <!-- </wheels> -->
            <!-- </wheelConfiguration> -->
        </wheelConfigurations>
        <hubs>
            <hub linkNode="wheelFrontLeft" filename="$data/shared/wheels/hubs/hub_n10_5.xml" isLeft="true" scale="0.285 0.285 0.285"/>
            <hub linkNode="wheelFrontRight" filename="$data/shared/wheels/hubs/hub_n10_5.xml" isLeft="false" scale="0.285 0.285 0.285"/>
            <hub linkNode="wheelMiddleLeft" filename="$data/shared/wheels/hubs/hub_n10_5.xml" isLeft="true" scale="0.285 0.285 0.285"/>
            <hub linkNode="wheelMiddleRight" filename="$data/shared/wheels/hubs/hub_n10_5.xml" isLeft="false" scale="0.285 0.285 0.285"/>
            <hub linkNode="wheelBackLeft" filename="$data/shared/wheels/hubs/hub_n10_5.xml" isLeft="true" scale="0.285 0.285 0.285"/>
            <hub linkNode="wheelBackRight" filename="$data/shared/wheels/hubs/hub_n10_5.xml" isLeft="false" scale="0.285 0.285 0.285"/>
        </hubs>
    </wheels>
    <dynamicallyLoadedParts>
        <dynamicallyLoadedPart node="0" linkNode="chockSupport01" filename="$data/shared/assets/wheelChocks/wheelChockSupport01.i3d"/>
        <dynamicallyLoadedPart node="0" linkNode="chockSupport02" filename="$data/shared/assets/wheelChocks/wheelChockSupport01.i3d"/>
    </dynamicallyLoadedParts>
    <connectionHoses>
        <hose inputAttacherJointIndices="1" type="airDoubleRed" node="hydraulicIn" length="1.75" diameter="0.02" minDeltaY="-0.05"/>
        <hose inputAttacherJointIndices="1" type="airDoubleYellow" node="hydraulicOut" length="1.75" diameter="0.02" minDeltaY="-0.05"/>
    </connectionHoses>
    <attachable>
        <inputAttacherJoints>
            <inputAttacherJoint node="attacherJoint" jointType="trailer" rootNode="flieglDPW210_drawbar_component3" attacherHeight="0.8"/>
        </inputAttacherJoints>
        <support animationName="moveSupport"/>
        <brakeForce>0.35</brakeForce>
    </attachable>
    <lights>
        <sharedLight linkNode="redRoundReflector" filename="$data/shared/assets/reflectors/lizard/redRound_01.xml"/>
        <sharedLight linkNode="whiteRoundReflector01" filename="$data/shared/assets/reflectors/lizard/whiteRound_01.xml"/>
        <sharedLight linkNode="whiteRoundReflector02" filename="$data/shared/assets/reflectors/lizard/whiteRound_01.xml"/>
        <sharedLight linkNode="yellowRoundReflector01" filename="$data/shared/assets/reflectors/lizard/yellowRound_01.xml"/>
        <sharedLight linkNode="yellowRoundReflector02" filename="$data/shared/assets/reflectors/lizard/yellowRound_01.xml"/>
        <sharedLight linkNode="yellowRoundReflector03" filename="$data/shared/assets/reflectors/lizard/yellowRound_01.xml"/>
        <sharedLight linkNode="yellowRoundReflector04" filename="$data/shared/assets/reflectors/lizard/yellowRound_01.xml"/>
        <sharedLight linkNode="yellowRoundReflector05" filename="$data/shared/assets/reflectors/lizard/yellowRound_01.xml"/>
        <sharedLight linkNode="yellowRoundReflector06" filename="$data/shared/assets/reflectors/lizard/yellowRound_01.xml"/>
        <sharedLight linkNode="yellowRoundReflector07" filename="$data/shared/assets/reflectors/lizard/yellowRound_01.xml"/>
        <sharedLight linkNode="yellowRoundReflector08" filename="$data/shared/assets/reflectors/lizard/yellowRound_01.xml"/>
        <sharedLight linkNode="yellowRoundReflector09" filename="$data/shared/assets/reflectors/lizard/yellowRound_01.xml"/>
        <sharedLight linkNode="yellowRoundReflector10" filename="$data/shared/assets/reflectors/lizard/yellowRound_01.xml"/>
        <sharedLight linkNode="yellowRoundReflector11" filename="$data/shared/assets/reflectors/lizard/yellowRound_01.xml"/>
        <sharedLight linkNode="yellowRoundReflector12" filename="$data/shared/assets/reflectors/lizard/yellowRound_01.xml"/>
        <sharedLight linkNode="yellowRoundReflector13" filename="$data/shared/assets/reflectors/lizard/yellowRound_01.xml"/>
        <sharedLight linkNode="yellowRoundReflector14" filename="$data/shared/assets/reflectors/lizard/yellowRound_01.xml"/>
        <sharedLight linkNode="yellowRoundReflector15" filename="$data/shared/assets/reflectors/lizard/yellowRound_01.xml"/>
        <sharedLight linkNode="yellowRoundReflector16" filename="$data/shared/assets/reflectors/lizard/yellowRound_01.xml"/>
        <sharedLight linkNode="yellowRoundReflector17" filename="$data/shared/assets/reflectors/lizard/yellowRound_01.xml"/>
        <sharedLight linkNode="yellowRoundReflector18" filename="$data/shared/assets/reflectors/lizard/yellowRound_01.xml"/>
        <sharedLight linkNode="yellowRoundReflector19" filename="$data/shared/assets/reflectors/lizard/yellowRound_01.xml"/>
        <sharedLight linkNode="yellowRoundReflector20" filename="$data/shared/assets/reflectors/lizard/yellowRound_01.xml"/>
        <sharedLight linkNode="rearMultipointLight_03_left" filename="$data/shared/assets/lights/lizard/rearMultipointLight_03_left.xml"/>
        <sharedLight linkNode="rearMultipointLight_03_right" filename="$data/shared/assets/lights/lizard/rearMultipointLight_03_right.xml"/>
        <realLights>
            <high>
                <light node="backLightsHigh" lightTypes="0"/>
                <turnLightLeft node="turnLightLeftBack"/>
                <turnLightRight node="turnLightRightBack"/>
                <brakeLight node="backLightsHigh"/>
            </high>
        </realLights>
    </lights>
    <foldable>
        <foldingConfigurations>
            <foldingConfiguration name="$l10n_configuration_valueLeftLoading" price="0">
                <foldingParts startMoveDirection="0" dynamicMountMinLimit="0" dynamicMountMaxLimit="0.99">
                    <foldingPart animationName="foldingLeft" speedScale="1"/>
                </foldingParts>
                <objectChange node="leftLockBar" visibilityActive="false"/>
                <objectChange node="rightLockBar" visibilityActive="true"/>
            </foldingConfiguration>
            <foldingConfiguration name="$l10n_configuration_valueRightLoading" price="0">
                <foldingParts startMoveDirection="0" dynamicMountMinLimit="0" dynamicMountMaxLimit="0.99">
                    <foldingPart animationName="foldingRight" speedScale="1"/>
                </foldingParts>
                <objectChange node="leftLockBar" visibilityActive="true"/>
                <objectChange node="rightLockBar" visibilityActive="false"/>
            </foldingConfiguration>
        </foldingConfigurations>
    </foldable>
    <animations>
        <animation name="foldingLeft">
            <part node="mainArm" startTime="0" endTime="2" startTrans="0 0 0" endTrans="0 0.47 0"/>
            <part node="leftDoor" startTime="2" endTime="5" startRot="0 0 0" endRot="0 0 90"/>
        </animation>
        <animation name="foldingRight">
            <part node="mainArm" startTime="0" endTime="2" startTrans="0 0 0" endTrans="0 0.47 0"/>
            <part node="rightDoor" startTime="2" endTime="5" startRot="0 0 0" endRot="0 0 -90"/>
        </animation>
        <animation name="widthControl">
            <part node="leftTranslationPart" startTime="0" endTime="1" startTrans="0.460 3.434 -0.803" endTrans="0.61 3.434 -0.803"/>
            <part node="rightTranslationPart" startTime="0" endTime="1" startTrans="-0.460 3.434 -0.803" endTrans="-0.61 3.434 -0.803"/>
            <part node="leftLockMechanism" startTime="0" endTime="1" startTrans="0.05 0 0" endTrans="0.20 0 0"/>
            <part node="rightLockMechanism" startTime="0" endTime="1" startTrans="-0.05 0 0" endTrans="-0.20 0 0"/>
        </animation>
        <animation name="moveSupport">
            <part componentJointIndex="2" startTime="0.0" endTime="0.15" startRotLimit="20 0 0" endRotLimit="0 0 0"/>
        </animation>
		<animation name="moveTrigger">
			<part node="ealTriggersIndex"   startTime="0"  endTime="0.001" startTrans="0 -10 2.63" endTrans="0 0 2.63" />
		</animation>
    </animations>
    <cylindered>
        <movingTools>
            <movingTool node="leftTranslationPart">
                <controls axis="AXIS_FRONTLOADER_TOOL" invertAxis="true" mouseSpeedFactor="1" iconName="WORKING_WIDTH_TRANSLATE_X"/>
                <animation animName="widthControl" animAcceleration="5" animSpeed="1"/>
            </movingTool>
            <movingTool node="leftDoor" playSound="true">
                <dependentPart node="leftDoorHydraulics"/>
            </movingTool>
            <movingTool node="rightDoor" playSound="true">
                <dependentPart node="rightDoorHydraulics"/>
            </movingTool>
        </movingTools>
        <movingParts isActiveDirtyTimeOffset="2">
            <movingPart node="leftDoorHydraulics" referencePoint="leftDoorHydraulicsRef" referenceFrame="leftDoorHydraulicsRef">
                <translatingPart node="leftDoorHydraulicsPunch"/>
            </movingPart>
            <movingPart node="rightDoorHydraulics" referencePoint="rightDoorHydraulicsRef" referenceFrame="rightDoorHydraulicsRef">
                <translatingPart node="rightDoorHydraulicsPunch"/>
            </movingPart>
            <movingPart node="drawBarSpring" referencePoint="drawBarSpringRef" referenceFrame="drawBarSpringRef" scaleZ="true"/>
        </movingParts>
        <sounds>
            <hydraulic template="DEFAULT_HYDRAULIC_SOUND" linkNode="0>"/>
        </sounds>
    </cylindered>
    <dynamicMountAttacher triggerNode="dynamicMountTrigger" rootNode="flieglDPW210_main_component1" jointNode="flieglDPW210_main_component1" forceAcceleration="500" mountType="FIX_ATTACH"/>
    <foliageBending>
        <bendingNode minX="-1.3" maxX="1.3" minZ="-5.9" maxZ="4.2 " yOffset="0.6"/>
    </foliageBending>
    <baseMaterial>
        <material name="flieglDPW210_mat" baseNode="flieglDPW210_vis">
            <shaderParameter name="colorMat0" value="FLIEGL_GREEN2"/>
        </material>
    </baseMaterial>
	
	
	<!--Configurable options for EasyAutoLoad-->
	<easyAutoLoad objectsIndex="ealObjectsIndex" triggersIndex="ealTriggersIndex" markerPositionsIndex="ealMarkerPositionsIndex" markerIndex="ealMarkerIndex" triggerAnimation="moveTrigger" centerMarkerIndex="1" unloadHeightOffset="-0.037">
		<levelBarOptions coloredIcons="true" iconColor="0.6307 0.6307 0.6307 1" fillLevelColor="0.991 0.3865 0.01 1"/>
		<palletIcon colorIcon="textures/pallet.png" overlayIcon="textures/palletIconOverlay.png"/>
		<roundBaleIcon colorIcon="textures/roundBale.png" overlayIcon="textures/roundBaleIconOverlay.png"/>
		<squareBaleIcon colorIcon="textures/squareBale.png" overlayIcon="textures/squareBaleIconOverlay.png"/>
		<weightIcon colorIcon="textures/weightIcon.png" overlayIcon="textures/weightIconOverlay.png"/>
		<moveableMarkerOptions minX="0 4 -25 -25" maxX="0 25 25 -4" minY="0 -0.7 -0.7 -0.7" maxY="0 15 15 15" minZ="0 -20 -30 -20" maxZ="0 20 -16 20" markerMoveSpeed="0.05"/>
	</easyAutoLoad>
	
    <wearable wearDuration="480" workMultiplier="5" fieldMultiplier="2"/>
    <washable dirtDuration="90" washDuration="1" workMultiplier="3" fieldMultiplier="2"/>
    <i3dMappings>
        <i3dMapping id="flieglDPW210_main_component1" node="0>"/>
        <i3dMapping id="flieglDPW210_vis" node="0>0"/>
        <i3dMapping id="componentJoint01" node="0>0|0"/>
        <i3dMapping id="chockSupport01" node="0>0|1|0"/>
        <i3dMapping id="wheelChock01" node="0>0|1|1"/>
        <i3dMapping id="chockSupport02" node="0>0|1|2"/>
        <i3dMapping id="wheelChock02" node="0>0|1|3"/>
        <i3dMapping id="wheelMiddleLeft" node="0>0|2|0"/>
        <i3dMapping id="wheelMiddleRight" node="0>0|2|1"/>
        <i3dMapping id="wheelBackLeft" node="0>0|2|2"/>
        <i3dMapping id="wheelBackRight" node="0>0|2|3"/>
        <i3dMapping id="mainArm" node="0>0|3|0"/>
        <i3dMapping id="leftTranslationPart" node="0>0|3|0|0"/>
        <i3dMapping id="leftDoor" node="0>0|3|0|0|0"/>
        <i3dMapping id="leftDoorHydraulicsRef" node="0>0|3|0|0|0|0"/>
        <i3dMapping id="leftDoorHydraulics" node="0>0|3|0|0|1"/>
        <i3dMapping id="leftDoorHydraulicsPunch" node="0>0|3|0|0|1|0"/>
        <i3dMapping id="rightTranslationPart" node="0>0|3|0|1"/>
        <i3dMapping id="rightDoor" node="0>0|3|0|1|0"/>
        <i3dMapping id="rightDoorHydraulicsRef" node="0>0|3|0|1|0|0"/>
        <i3dMapping id="rightDoorHydraulics" node="0>0|3|0|1|1"/>
        <i3dMapping id="rightDoorHydraulicsPunch" node="0>0|3|0|1|1|0"/>
        <i3dMapping id="leftLockMechanism" node="0>0|3|1"/>
        <i3dMapping id="leftLockBar" node="0>0|3|1|0"/>
        <i3dMapping id="rightLockMechanism" node="0>0|3|2"/>
        <i3dMapping id="rightLockBar" node="0>0|3|2|0"/>
        <i3dMapping id="redRoundReflector" node="0>0|4|0|0"/>
        <i3dMapping id="whiteRoundReflector01" node="0>0|4|0|1"/>
        <i3dMapping id="whiteRoundReflector02" node="0>0|4|0|2"/>
        <i3dMapping id="yellowRoundReflector02" node="0>0|4|0|3"/>
        <i3dMapping id="yellowRoundReflector03" node="0>0|4|0|4"/>
        <i3dMapping id="yellowRoundReflector04" node="0>0|4|0|5"/>
        <i3dMapping id="yellowRoundReflector05" node="0>0|4|0|6"/>
        <i3dMapping id="yellowRoundReflector06" node="0>0|4|0|7"/>
        <i3dMapping id="yellowRoundReflector07" node="0>0|4|0|8"/>
        <i3dMapping id="yellowRoundReflector08" node="0>0|4|0|9"/>
        <i3dMapping id="yellowRoundReflector09" node="0>0|4|0|10"/>
        <i3dMapping id="yellowRoundReflector10" node="0>0|4|0|11"/>
        <i3dMapping id="yellowRoundReflector11" node="0>0|4|0|12"/>
        <i3dMapping id="yellowRoundReflector12" node="0>0|4|0|13"/>
        <i3dMapping id="yellowRoundReflector13" node="0>0|4|0|14"/>
        <i3dMapping id="yellowRoundReflector14" node="0>0|4|0|15"/>
        <i3dMapping id="yellowRoundReflector15" node="0>0|4|0|16"/>
        <i3dMapping id="yellowRoundReflector16" node="0>0|4|0|17"/>
        <i3dMapping id="yellowRoundReflector18" node="0>0|4|0|18"/>
        <i3dMapping id="yellowRoundReflector19" node="0>0|4|0|19"/>
        <i3dMapping id="yellowRoundReflector20" node="0>0|4|0|20"/>
        <i3dMapping id="rearMultipointLight_03_left" node="0>0|4|1"/>
        <i3dMapping id="rearMultipointLight_03_right" node="0>0|4|2"/>
        <i3dMapping id="backLightsHigh" node="0>0|4|3"/>
        <i3dMapping id="turnLightLeftBack" node="0>0|4|4"/>
        <i3dMapping id="turnLightRightBack" node="0>0|4|5"/>
        <i3dMapping id="dynamicMountTrigger" node="0>0|5"/>
        <i3dMapping id="flieglDPW210_dolly_component2" node="1>"/>
        <i3dMapping id="componentJoint02" node="1>0"/>
        <i3dMapping id="wheelFrontLeft" node="1>1|0"/>
        <i3dMapping id="wheelFrontRight" node="1>1|1"/>
        <i3dMapping id="drawBarSpring" node="1>2|0"/>
        <i3dMapping id="yellowRoundReflector17" node="1>3|0|0|0"/>
        <i3dMapping id="yellowRoundReflector01" node="1>3|0|0|1"/>
        <i3dMapping id="flieglDPW210_drawbar_component3" node="2>"/>
        <i3dMapping id="attacherJoint" node="2>0"/>
        <i3dMapping id="hydraulicIn" node="2>0|0"/>
        <i3dMapping id="hydraulicOut" node="2>0|1"/>
        <i3dMapping id="drawBarSpringRef" node="2>1"/>		
		<i3dMapping id="ealObjectsIndex" node="0>0|8|1" />
        <i3dMapping id="ealTriggersIndex" node="0>0|8|3" />
		<i3dMapping id="ealMarkerPositionsIndex" node="0>0|8|2" />
        <i3dMapping id="ealMarkerIndex" node="0>0|8|0" />			
		
    </i3dMappings>
</vehicle>
