﻿<?xml version="1.0" encoding="utf-8" standalone="no"?>
<vehicle type="easyAutoLoader">
    <annotation>Copyright (C) GIANTS Software GmbH, All Rights Reserved.</annotation>

    <storeData>
        <name>DPW 180 Mit Aufbau</name>
        <functions>
            <function>$l10n_function_easyAutoLoader</function>
        </functions>
        <image>store_flieglDPW180.png</image>
        <price>17500</price>
        <lifetime>600</lifetime>
        <rotation>0</rotation>
        <brand>FLIEGL</brand>
        <category>UAL</category>
        <vertexBufferMemoryUsage>511280</vertexBufferMemoryUsage>
        <indexBufferMemoryUsage>71394</indexBufferMemoryUsage>
        <textureMemoryUsage>5942048</textureMemoryUsage>
        <instanceVertexBufferMemoryUsage>0</instanceVertexBufferMemoryUsage>
        <instanceIndexBufferMemoryUsage>0</instanceIndexBufferMemoryUsage>
    </storeData>

    <base>
        <typeDesc>$l10n_typeDesc_baleTrailer</typeDesc>
        <filename>flieglDPW180.i3d</filename>
        <size width="3" length="14"/>
        <components>
            <component centerOfMass="0 0.45 -5" solverIterationCount="35" mass="2500"/>
            <component centerOfMass="0 0 0" solverIterationCount="35" mass="2000"/>
            <component solverIterationCount="35" mass="300"/>
            <joint component1="1" component2="2" node="jointFrontPart" rotLimit="105 0 0" transLimit="0 0 0"/>
            <joint component1="2" component2="3" node="jointDrawbar" rotLimit="4 0 0" transLimit="0 0 0"/>
        </components>
        <schemaOverlay attacherJointPosition="0 0">
            <default name="DEFAULT_IMPLEMENT"/>
            <selected name="DEFAULT_IMPLEMENT_SELECTED"/>
        </schemaOverlay>
    </base>

    <wheels>
        <wheelConfigurations>
            <wheelConfiguration name="$l10n_configuration_valueDefault" price="0">
                <wheels>
                    <wheel filename="$data/shared/wheels/trelleborg/AW305/380_55R17.xml" isLeft="true" hasTireTracks="true" hasParticles="true">
                        <physics tipOcclusionAreaGroupId="1" restLoad="0.9" repr="wheelLeftMiddle"  forcePointRatio="0.5" initialCompression="15" suspTravel="0.13" spring="40" damper="50" frictionScale="2"/>
                    </wheel>
                    <wheel filename="$data/shared/wheels/trelleborg/AW305/380_55R17.xml" isLeft="false" hasTireTracks="true" hasParticles="true">
                        <physics tipOcclusionAreaGroupId="2" restLoad="0.9" repr="wheelRightMiddle" forcePointRatio="0.5" initialCompression="15" suspTravel="0.13" spring="40" damper="50" frictionScale="2"/>
                    </wheel>
                    <wheel filename="$data/shared/wheels/trelleborg/AW305/380_55R17.xml" isLeft="true">
                        <physics tipOcclusionAreaGroupId="1" restLoad="0.9" repr="wheelLeftBack"    forcePointRatio="0.5" initialCompression="15" suspTravel="0.13" spring="40" damper="50" frictionScale="2"/>
                    </wheel>
                    <wheel filename="$data/shared/wheels/trelleborg/AW305/380_55R17.xml" isLeft="false">
                        <physics tipOcclusionAreaGroupId="2" restLoad="0.9" repr="wheelRightBack"   forcePointRatio="0.5" initialCompression="15" suspTravel="0.13" spring="40" damper="50" frictionScale="2"/>
                    </wheel>
                    <wheel filename="$data/shared/wheels/trelleborg/AW305/380_55R17.xml" isLeft="true" hasTireTracks="true" hasParticles="true">
                        <physics tipOcclusionAreaGroupId="3" restLoad="0.8" repr="wheelLeftFront"   forcePointRatio="0.5" initialCompression="15" suspTravel="0.15" spring="32" damper="50" frictionScale="2.5"/>
                    </wheel>
                    <wheel filename="$data/shared/wheels/trelleborg/AW305/380_55R17.xml" isLeft="false" hasTireTracks="true" hasParticles="true">
                        <physics tipOcclusionAreaGroupId="3" restLoad="0.8" repr="wheelsRightFront" forcePointRatio="0.5" initialCompression="15" suspTravel="0.15" spring="32" damper="50" frictionScale="2.5"/>
                    </wheel>
                </wheels>
            </wheelConfiguration>
        </wheelConfigurations>

        <hubs>
            <color0>SHARED_BLACK2</color0>
            <color1>SHARED_BLACK2</color1>
            <hub linkNode="wheelLeftFront"   filename="$data/shared/wheels/hubs/hub_n10_5.xml" isLeft="true"  scale="0.25 0.25 0.25" />
            <hub linkNode="wheelsRightFront" filename="$data/shared/wheels/hubs/hub_n10_5.xml" isLeft="false" scale="0.25 0.25 0.25" />
            <hub linkNode="wheelLeftBack"    filename="$data/shared/wheels/hubs/hub_n10_5.xml" isLeft="true"  scale="0.25 0.25 0.25" />
            <hub linkNode="wheelRightBack"   filename="$data/shared/wheels/hubs/hub_n10_5.xml" isLeft="false" scale="0.25 0.25 0.25" />
            <hub linkNode="wheelLeftMiddle"  filename="$data/shared/wheels/hubs/hub_n10_5.xml" isLeft="true"  scale="0.25 0.25 0.25" />
            <hub linkNode="wheelRightMiddle" filename="$data/shared/wheels/hubs/hub_n10_5.xml" isLeft="false" scale="0.25 0.25 0.25" />
        </hubs>
    </wheels>

    <attachable>
        <inputAttacherJoints>
            <inputAttacherJoint node="attacherJoint" rootNode="flieglDPW180_drawbar_component3" jointType="trailer" attacherHeight="0.63"/>
        </inputAttacherJoints>
        <support animationName="moveSupport"/>
        <brakeForce>0.4</brakeForce>
    </attachable>

    <attacherJoints>
        <attacherJoint node="trailerAttacherJoint" jointType="trailer" lowerRotLimit="10 80 80" upperRotationOffset="0" allowsJointLimitMovement="false" canTurnOnImplement="false">
            <schema position="0.5 0" rotation="0" invertX="false"/>
        </attacherJoint>
        <sounds>
            <attach template="ATTACH_01" linkNode="flieglDPW180_main_component1" />
            <hydraulic template="DEFAULT_HYDRAULIC_SOUND" linkNode="flieglDPW180_main_component1" />
        </sounds>
    </attacherJoints>

    <lights>
        <sharedLight linkNode="rear4ChamberLight01Left"  filename="$data/shared/assets/lights/lizard/rear4ChamberLight_01_left.xml" />
        <sharedLight linkNode="rear4ChamberLight01Right" filename="$data/shared/assets/lights/lizard/rear4ChamberLight_01_right.xml" />
        <sharedLight linkNode="frontLightRectangle_02"   filename="$data/shared/assets/lights/lizard/frontLightRectangle_01.xml" />
        <sharedLight linkNode="frontLightRectangle_01"   filename="$data/shared/assets/lights/lizard/frontLightRectangle_01.xml" />
        <sharedLight linkNode="sideMarker_05Orange5"     filename="$data/shared/assets/lights/lizard/sideMarker_05Orange.xml" />
        <sharedLight linkNode="sideMarker_05Orange4"     filename="$data/shared/assets/lights/lizard/sideMarker_05Orange.xml" />
        <sharedLight linkNode="sideMarker_05Orange3"     filename="$data/shared/assets/lights/lizard/sideMarker_05Orange.xml" />
        <sharedLight linkNode="sideMarker_05Orange2"     filename="$data/shared/assets/lights/lizard/sideMarker_05Orange.xml" />
        <sharedLight linkNode="sideMarker_05Orange1"     filename="$data/shared/assets/lights/lizard/sideMarker_05Orange.xml" />
        <sharedLight linkNode="sideMarker_05Orange"      filename="$data/shared/assets/lights/lizard/sideMarker_05Orange.xml" />
        <realLights>
            <high>
                <light node="backLightsHigh" lightTypes="0"/>
                <turnLightLeft node="turnLightLeftBack"/>
                <turnLightRight node="turnLightRightBack"/>
                <brakeLight node="backLightsHigh"/>
            </high>
        </realLights>
		<beaconLights>  
            <beaconLight node="beaconLightBack" filename="$data/shared/assets/beaconLights/lizard/beaconLight06.xml" />  			
        </beaconLights>
    </lights>

    <animations>
        <animation name="moveSupport">
            <part node="drawbarSpringRef" startTime="0" endTime="0.5" componentJointIndex="2" startRotLimit="35 0 0" endRotLimit="4 0 0"/>
            <part startTime="0" endTime="1" startRot="0 0 0" endRot="0 5 0"/>
        </animation>
		<animation name="moveTrigger">
			<part node="ealTriggersIndex"   startTime="0"  endTime="0.001" startTrans="0 -10 1.835" endTrans="0 0 1.835" />
		</animation>
    </animations>

    <cylindered>
        <movingTools>
            <movingTool node="drawbarSpringRef">
                <dependentPart node="drawbarSpring"/>
            </movingTool>
        </movingTools>
        <movingParts>
            <movingPart node="drawbarSpring" referencePoint="drawbarSpringRef" referenceFrame="flieglDPW180_drawbar_component3" isActiveDirty="true" scaleZ="true"/>
        </movingParts>
        <sounds>
            <hydraulic template="DEFAULT_HYDRAULIC_SOUND" linkNode="flieglDPW180_main_component1"/>
        </sounds>
    </cylindered>

    <tensionBelts>
        <tensionBeltsConfigurations>
            <tensionBeltsConfiguration>
                <tensionBelts linkNode="belts" jointNode="flieglDPW180_main_component1" width="0.075" maxEdgeLength="0.1" geometryBias="0.01" ratchetPosition="0.2" defaultOffset="0.1" defaultOffsetSide="0.1" defaultHeight="4" activationTrigger="beltActivationTrigger">
                    <tensionBelt startNode="beltStart1" endNode="beltEnd6" offsetLeft="1.3"/>
                    <tensionBelt startNode="beltStart2" endNode="beltEnd5"/>
                    <tensionBelt startNode="beltStart3" endNode="beltEnd4"/>
                    <tensionBelt startNode="beltStart4" endNode="beltEnd3"/>
                    <tensionBelt startNode="beltStart5" endNode="beltEnd2"/>					
                    <tensionBelt startNode="beltStart7" endNode="beltEnd11"/>
                    <tensionBelt startNode="beltStart8" endNode="beltEnd10"/>
                    <tensionBelt startNode="beltStart9" endNode="beltEnd9"/>
                    <tensionBelt startNode="beltStart10" endNode="beltEnd8"/>					
                    <tensionBelt startNode="beltStart11" endNode="beltEnd7"/>										
                    <tensionBelt startNode="beltStart6" endNode="beltEnd1" offsetRight="1.2"/>
                </tensionBelts>
            </tensionBeltsConfiguration>
        </tensionBeltsConfigurations>
    </tensionBelts>



	<!--Configurable options for EasyAutoLoad-->
	<easyAutoLoad objectsIndex="ealObjectsIndex" triggersIndex="ealTriggersIndex" markerPositionsIndex="ealMarkerPositionsIndex" markerIndex="ealMarkerIndex" triggerAnimation="moveTrigger" centerMarkerIndex="1" unloadHeightOffset="0.052">
		<levelBarOptions coloredIcons="true" iconColor="0.6307 0.6307 0.6307 1" fillLevelColor="0.991 0.3865 0.01 1"/>
		<palletIcon colorIcon="textures/pallet.png" overlayIcon="textures/palletIconOverlay.png"/>
		<roundBaleIcon colorIcon="textures/roundBale.png" overlayIcon="textures/roundBaleIconOverlay.png"/>
		<squareBaleIcon colorIcon="textures/squareBale.png" overlayIcon="textures/squareBaleIconOverlay.png"/>
		<weightIcon colorIcon="textures/weightIcon.png" overlayIcon="textures/weightIconOverlay.png"/>
		<moveableMarkerOptions minX="0 4 -25 -25" maxX="0 25 25 -4" minY="0 -0.7 -0.7 -0.7" maxY="0 15 15 15" minZ="0 -20 -30 -20" maxZ="0 20 -16 20" markerMoveSpeed="0.05"/>
	</easyAutoLoad>
	
    <foliageBending>
        <bendingNode minX="-1.25" maxX="1.25" minZ="-6.2" maxZ="5.2" yOffset="0.4" />
    </foliageBending>

    <wearable wearDuration="480" workMultiplier="5" fieldMultiplier="2"/>
    <washable dirtDuration="90" washDuration="1" workMultiplier="3" fieldMultiplier="2"/>

    <i3dMappings>
        <i3dMapping id="flieglDPW180_main_component1" node="0>" />
        <i3dMapping id="wheelLeftMiddle" node="0>0" />
        <i3dMapping id="wheelRightMiddle" node="0>1" />
        <i3dMapping id="wheelLeftBack" node="0>2" />
        <i3dMapping id="wheelRightBack" node="0>3" />
        <i3dMapping id="jointFrontPart" node="0>4" />
        <i3dMapping id="frontLightRectangle_02" node="0>5|0|0" />
        <i3dMapping id="frontLightRectangle_01" node="0>5|0|1" />
        <i3dMapping id="sideMarker_05Orange5" node="0>5|0|2" />
        <i3dMapping id="sideMarker_05Orange4" node="0>5|0|3" />
        <i3dMapping id="sideMarker_05Orange3" node="0>5|0|4" />
        <i3dMapping id="sideMarker_05Orange2" node="0>5|0|5" />
        <i3dMapping id="sideMarker_05Orange1" node="0>5|0|6" />
        <i3dMapping id="sideMarker_05Orange" node="0>5|0|7" />
        <i3dMapping id="rear4ChamberLight01Right" node="0>5|0|8" />
        <i3dMapping id="rear4ChamberLight01Left" node="0>5|0|9" />
        <i3dMapping id="backLightsHigh" node="0>5|1|1" />
        <i3dMapping id="turnLightLeftBack" node="0>5|2|0|1" />
        <i3dMapping id="turnLightRightBack" node="0>5|2|1|1" />
        <i3dMapping id="trailerAttacherJoint" node="0>6" />
        <i3dMapping id="extension" node="0>7|0" />
        <i3dMapping id="colPartFront" node="0>7|0|1" />
        <i3dMapping id="colPartBack" node="0>7|0|2" />
        <i3dMapping id="belts" node="0>8" />
        <i3dMapping id="beltStart1" node="0>8|0" />
        <i3dMapping id="beltEnd6" node="0>8|0|0" />
        <i3dMapping id="beltStart2" node="0>8|1" />
        <i3dMapping id="beltEnd5" node="0>8|1|0" />
        <i3dMapping id="beltStart3" node="0>8|2" />
        <i3dMapping id="beltEnd4" node="0>8|2|0" />
        <i3dMapping id="beltStart4" node="0>8|3" />
        <i3dMapping id="beltEnd3" node="0>8|3|0" />
        <i3dMapping id="beltStart5" node="0>8|4" />
        <i3dMapping id="beltEnd2" node="0>8|4|0" />
        <i3dMapping id="beltStart6" node="0>8|5" />
        <i3dMapping id="beltEnd1" node="0>8|5|0" />	
        <i3dMapping id="beltStart7" node="0>8|7" />
        <i3dMapping id="beltEnd11" node="0>8|7|0" />
        <i3dMapping id="beltStart8" node="0>8|8" />
        <i3dMapping id="beltEnd10" node="0>8|8|0" />
        <i3dMapping id="beltStart9" node="0>8|9" />
        <i3dMapping id="beltEnd9" node="0>8|9|0" />
        <i3dMapping id="beltStart10" node="0>8|10" />
        <i3dMapping id="beltEnd8" node="0>8|10|0" />
        <i3dMapping id="beltStart11" node="0>8|11" />
        <i3dMapping id="beltEnd7" node="0>8|11|0" />
        <i3dMapping id="beltActivationTrigger" node="0>8|6" />
        <i3dMapping id="wheelLeftFront" node="1>0" />
        <i3dMapping id="wheelsRightFront" node="1>1" />
        <i3dMapping id="jointDrawbar" node="1>2" />
        <i3dMapping id="drawbarSpring" node="1>3|0" />
        <i3dMapping id="flieglDPW180_drawbar_component3" node="2>" />
        <i3dMapping id="attacherJoint" node="2>0" />
        <i3dMapping id="drawbarSpringRef" node="2>1|0" />
		<i3dMapping id="ealObjectsIndex" node="0>12|1" />
        <i3dMapping id="ealTriggersIndex" node="0>12|3" />
		<i3dMapping id="ealMarkerPositionsIndex" node="0>12|2" />
        <i3dMapping id="ealMarkerIndex" node="0>12|0" />
        <i3dMapping id="beaconLightBack" node="0>13" />
    </i3dMappings>
</vehicle>

