<?xml version="1.0" encoding="utf-8" standalone="no" ?>
<l10n>
	<texts>
		<text name="input_workMode" text="Arbeitsmodus"/>
		<text name="input_select" text="Ladegut wählen"/>
		<text name="input_markerPosition" text="Markierung Abladeseite"/>
		<text name="input_unload" text="Entladen"/>
		<text name="input_markerUp" text="Markierung: Hoch"/>
		<text name="input_markerDown" text="Markierung: Runter"/>
		<text name="input_markerLeft" text="Markierung: Links"/>
		<text name="input_markerRight" text="Markierung: Rechts"/>
		<text name="input_markerOriginal" text="Markierung: Startosition"/>
		<text name="input_markerForward" text="Markierung: Vorwärts"/>
		<text name="input_markerBackward" text="Markierung: Rückwärts"/>
		<text name="workModeOn" text="Arbeitsmodus: anschalten"/>
		<text name="workModeOff" text="Arbeitsmodus: ausschalten"/>
		<text name="unload" text="Entladen"/>
		<text name="center" text="Abladeseite [Anhänger]"/>
		<text name="left" text="Abladeseite [Links]"/>
		<text name="right" text="Abladeseite [Rechts]"/>
		<text name="back" text="Abladeseite [Hinten]"/>
		<text name="squareBales" text="Ladegut wählen: [Quaderballen]"/>
		<text name="roundBales" text="Ladegut wählen: [1.3m Rundballen]"/>
		<text name="pallets" text="Ladegut wählen: [Palleten]"/>
		<text name="ultima14" text="Ladegut wählen: [1.4m Rundballen]"/>
		<text name="ultima15" text="Ladegut wählen: [1.5m Rundballen]"/>
		<text name="smallSquareBales" text="Ladegut wählen: [HD-Ballen]"/>
		<text name="jd18bales" text="Ladegut wählen: [1.8m Rundballen]"/>
		<text name="boardPallets" text="Ladegut wählen: [Holzpaletten]"/>
		<text name="eggBoxes" text="Ladegut wählen: [Eierkartons]"/>
		<text name="cottonModules" text="Ladegut wählen: [Baumwolle]"/>
		<text name="missionPallets" text="Ladegut wählen: [Missionspaletten]"/>
		<text name="function_easyAutoLoader" text="AutoLoader aktiviert. Ermöglicht das automatische Laden von Ballen und Paletten"/>					
		<text name="function_easyAutoLoader2" text="AutoLoader aktiviert. Ermöglicht das automatische Laden von Ballen"/>					
		<text name="shopItem_flieglRearDeck" text="Heckplattform"/>			
		<text name="function_flieglRearDeck" text="Fliegl Heckplattform, dient zum Transport von Stückgut, Paletten oder Ballen. Spanngurte verhindern ein Rutschen der Ladung."/>			
		<text name="typeDesc_flieglRearDeck" text="Fliegl Heckplattform"/>			
		<text name="configuration_valueWood" text="Holzplanken"/>	
		<text name="configuration_valueBlack" text="Schwarz"/>	
		<text name="configuration_valueRed" text="Rot"/>	
		<text name="configuration_valueEmboss" text="Geprägt"/>	
		<text name="configuration_platformDesign" text="Plattform Design"/>		
	</texts>
</l10n>