﻿<?xml version="1.0" encoding="utf-8" standalone="no" ?>
<modDesc descVersion="42">
    <author>BD_Modding(Fallex-Gaming), alfalfa6945, GIANTS Software</author>
    <version>1.0</version>
    <title>
        <en>Autoload Pack</en>
    </title>
    <description>
        <en>Autoload Pack</en>
        <de>Autoload Pack</de>
        <fr>Autoload Pack</fr>
    </description>
    <iconFilename>Unbenannt.dds</iconFilename>
    <multiplayer supported="true" />

    <storeItems>
        <storeItem rootNode="vehicle" xmlFilename="flieglDPW180.xml"/>
        <storeItem rootNode="vehicle" xmlFilename="flieglDPW180_2.xml"/>
        <storeItem rootNode="vehicle" xmlFilename="flieglDPW210.xml"/>
        <storeItem xmlFilename="SEK802.xml"/>
    </storeItems>
	
	
	<l10n filenamePrefix="l10n"/>

	<actions>
		<action name="workMode" category="VEHICLE"/>
		<action name="select" category="VEHICLE"/>
		<action name="markerPosition" category="VEHICLE"/>
		<action name="unload" category="VEHICLE"/>
		<action name="markerUp" category="VEHICLE"/>
		<action name="markerDown" category="VEHICLE"/>
		<action name="markerLeft" category="VEHICLE"/>
		<action name="markerRight" category="VEHICLE"/>
		<action name="markerForward" category="VEHICLE"/>
		<action name="markerBackward" category="VEHICLE"/>
		<action name="markerOriginal" category="VEHICLE"/>
	</actions>

	<inputBinding>
		<actionBinding action="workMode">
			<binding device="KB_MOUSE_DEFAULT" input="KEY_u" axisComponent="+" inputComponent="+" index="1"/>
		</actionBinding>
		<actionBinding action="select">
			<binding device="KB_MOUSE_DEFAULT" input="KEY_z" axisComponent="+" inputComponent="+" index="1"/>
		</actionBinding>
		<actionBinding action="markerPosition">
			<binding device="KB_MOUSE_DEFAULT" input="KEY_b" axisComponent="+" inputComponent="+" index="1"/>
		</actionBinding>
		<actionBinding action="unload">
			<binding device="KB_MOUSE_DEFAULT" input="KEY_y" axisComponent="+" inputComponent="+" index="1"/>
		</actionBinding>
		<actionBinding action="markerUp">
			<binding device="KB_MOUSE_DEFAULT" input="KEY_j" axisComponent="+" inputComponent="+" index="1"/>
		</actionBinding>
		<actionBinding action="markerDown">
			<binding device="KB_MOUSE_DEFAULT" input="KEY_n" axisComponent="+" inputComponent="+" index="1"/>
		</actionBinding>
		<actionBinding action="markerLeft">
			<binding device="KB_MOUSE_DEFAULT" input="KEY_comma" axisComponent="+" inputComponent="+" index="1"/>
		</actionBinding>
		<actionBinding action="markerRight">
			<binding device="KB_MOUSE_DEFAULT" input="KEY_period" axisComponent="+" inputComponent="+" index="1"/>
		</actionBinding>
		<actionBinding action="markerForward">
			<binding device="KB_MOUSE_DEFAULT" input="KEY_o" axisComponent="+" inputComponent="+" index="1"/>
		</actionBinding>
		<actionBinding action="markerBackward">
			<binding device="KB_MOUSE_DEFAULT" input="KEY_k" axisComponent="+" inputComponent="+" index="1"/>
		</actionBinding>
		<actionBinding action="markerOriginal">
			<binding device="KB_MOUSE_DEFAULT" input="KEY_m" axisComponent="+" inputComponent="+" index="1"/>
		</actionBinding>
	</inputBinding>
	
	<extraSourceFiles>
		<sourceFile filename="scripts/categorizer.lua" />
	</extraSourceFiles>
	
	<newcategory name="UAL" title="Autoload" type="TOOL" img="store_flieglDPW180.dds" />	

    <specializations>
        <specialization name="easyAutoLoader" className="easyAutoLoader" filename="scripts/easyAutoLoader.lua"/> <!-- Thank you alfalfa6945! -->
    </specializations>

	<vehicleTypes>
		<type name="easyAutoLoader" parent="baseAttachable" className="Vehicle" filename="$dataS/scripts/vehicles/Vehicle.lua">
			<specialization name="tensionBelts" />
			<specialization name="easyAutoLoader" />
		</type>
	</vehicleTypes>	
	
	
</modDesc>
