﻿<?xml version="1.0" encoding="utf-8" standalone="no" ?>
<vehicle type="easyAutoLoader">
    <annotation>Copyright (C) GIANTS Software GmbH, All Rights Reserved.</annotation>
    <storeData>
        <name>
            <en>SEK 802 Autoload</en></name>
        <specs>
            <combination>HW 80, HKD 302</combination>
        </specs>
        <functions>
            <function>$l10n_function_easyAutoLoader</function>
        </functions>
        <image>store_SEK802.dds</image>
        <price>8000</price>
        <lifetime>600</lifetime>
        <rotation>0</rotation>
        <brand>STRAUTMANN</brand>
        <category>UAL</category>
        <shopTranslationOffset>0 0 0</shopTranslationOffset>
        <shopRotationOffset>2.26 0 0</shopRotationOffset>
        <vertexBufferMemoryUsage>2063328</vertexBufferMemoryUsage>
        <indexBufferMemoryUsage>356412</indexBufferMemoryUsage>
        <textureMemoryUsage>9262616</textureMemoryUsage>
        <instanceVertexBufferMemoryUsage>0</instanceVertexBufferMemoryUsage>
        <instanceIndexBufferMemoryUsage>0</instanceIndexBufferMemoryUsage>
    </storeData>
    <base>
        <typeDesc>$l10n_typeDesc_tipper</typeDesc>
        <filename>SEK802.i3d</filename>
        <size width="3" length="7" lengthOffset="0"/>
        <components>
            <component centerOfMass="0 0.45 -1.2" solverIterationCount="10" mass="2300"/>
        </components>
        <schemaOverlay attacherJointPosition="0 0">
            <default name="DEFAULT_IMPLEMENT"/>
            <selected name="DEFAULT_IMPLEMENT_SELECTED"/>
        </schemaOverlay>
    </base>

    <wheels>
        <wheelConfigurations>
            <wheelConfiguration name="$l10n_configuration_valueDefault" price="0" brand="TRELLEBORG">
                <wheels>
                    <wheel filename="$data/shared/wheels/trelleborg/TwinRadial/500_60R22_5.xml" isLeft="true" hasTireTracks="true" hasParticles="true" brand="TRELLEBORG">
                        <physics tipOcclusionAreaGroupId="1" restLoad="1.3" repr="wheelLeft" forcePointRatio="0.5" initialCompression="17" suspTravel="0.13" spring="50" damper="50"/>
                        <wheelChock parkingNode="wheelChock01"/>
                        <wheelChock parkingNode="wheelChock02" isInverted="true"/>
                    </wheel>
                    <wheel filename="$data/shared/wheels/trelleborg/TwinRadial/500_60R22_5.xml" isLeft="false" hasTireTracks="true" hasParticles="true">
                        <physics tipOcclusionAreaGroupId="1" restLoad="1.3" repr="wheelRight" forcePointRatio="0.5" initialCompression="17" suspTravel="0.13" spring="50" damper="50"/>
                    </wheel>
                </wheels>
            </wheelConfiguration>
            <wheelConfiguration name="$l10n_configuration_valueDefault" price="1100" brand="MICHELIN">
                <wheels>
                    <wheel filename="$data/shared/wheels/michelin/cargoXBib/500_60R22_5.xml" isLeft="true" hasTireTracks="true" hasParticles="true" brand="MICHELIN">
                        <physics tipOcclusionAreaGroupId="1" restLoad="1.3" repr="wheelLeft" forcePointRatio="0.5" initialCompression="17" suspTravel="0.13" spring="50" damper="50"/>
                        <wheelChock parkingNode="wheelChock01"/>
                        <wheelChock parkingNode="wheelChock02" isInverted="true"/>
                    </wheel>
                    <wheel filename="$data/shared/wheels/michelin/cargoXBib/500_60R22_5.xml" isLeft="false" hasTireTracks="true" hasParticles="true">
                        <physics tipOcclusionAreaGroupId="1" restLoad="1.3" repr="wheelRight" forcePointRatio="0.5" initialCompression="17" suspTravel="0.13" spring="50" damper="50"/>
                    </wheel>
                </wheels>
            </wheelConfiguration>
            <wheelConfiguration name="$l10n_configuration_valueDefault" price="0" brand="LIZARD">
                <wheels>
                    <wheel filename="$data/shared/wheels/lizard/implement/385_65R22_5.xml" isLeft="true" hasTireTracks="true" hasParticles="true" brand="TRELLEBORG">
                        <physics tipOcclusionAreaGroupId="1" restLoad="1.3" repr="wheelLeft" forcePointRatio="0.5" initialCompression="17" suspTravel="0.13" spring="50" damper="50"/>
                        <wheelChock parkingNode="wheelChock01"/>
                        <wheelChock parkingNode="wheelChock02" isInverted="true"/>
                    </wheel>
                    <wheel filename="$data/shared/wheels/lizard/implement/385_65R22_5.xml" isLeft="false" hasTireTracks="true" hasParticles="true">
                        <physics tipOcclusionAreaGroupId="1" restLoad="1.3" repr="wheelRight" forcePointRatio="0.5" initialCompression="17" suspTravel="0.13" spring="50" damper="50"/>
                    </wheel>
                </wheels>
            </wheelConfiguration>
        </wheelConfigurations>
        <hubs>
            <color0>STRAUTMANN_RED1</color0>
            <color1>STRAUTMANN_RED1</color1>
            <hub linkNode="wheelLeft" filename="$data/shared/wheels/hubs/hub_n10_5.xml" isLeft="true" scale="0.335 0.335 0.335"/>
            <hub linkNode="wheelRight" filename="$data/shared/wheels/hubs/hub_n10_5.xml" isLeft="false" scale="0.335 0.335 0.335"/>
        </hubs>
    </wheels>
    <dynamicallyLoadedParts>
        <dynamicallyLoadedPart node="0" linkNode="wheelChockSupport01_01" filename="$data/shared/assets/wheelChocks/wheelChockSupport01.i3d"/>
        <dynamicallyLoadedPart node="0" linkNode="wheelChockSupport01_02" filename="$data/shared/assets/wheelChocks/wheelChockSupport01.i3d"/>
        <dynamicallyLoadedPart node="1|0" linkNode="hydraulicIn01Adapter" filename="$data/shared/connectionHoses/connectors.i3d"/>
    </dynamicallyLoadedParts>
    <attachable>
        <inputAttacherJoints>
            <inputAttacherJoint node="attacherJoint" jointType="trailer" attacherHeight="0.95"/>
        </inputAttacherJoints>
        <support animationName="moveSupport"/>
        <brakeForce>0.65</brakeForce>
    </attachable>
    <attacherJoints>
        <attacherJoint node="trailerAttacherJoint" jointType="trailer" lowerRotLimit="10 62 80" upperRotationOffset="0" allowsJointLimitMovement="false" canTurnOnImplement="false">
            <schema position="1 0" rotation="0" invertX="false"/>
        </attacherJoint>
        <sounds>
            <attach template="ATTACH_01"/>
        </sounds>
    </attacherJoints>
    <connectionHoses>
        <hose inputAttacherJointIndices="1" type="hydraulicIn" node="hydraulicIn01" length="1" diameter="0.02">
            <objectChange node="hydraulicIn01Detached" visibilityActive="false" visibilityInactive="true"/>
        </hose>
    </connectionHoses>
    <lights>
        <sharedLight linkNode="backlightLeft" filename="$data/shared/assets/lights/lizard/rear4ChamberLight_01_left.xml"/>
        <sharedLight linkNode="backlightRight" filename="$data/shared/assets/lights/lizard/rear4ChamberLight_01_right.xml"/>
        <sharedLight linkNode="sideMarker01" filename="$data/shared/assets/lights/lizard/sideMarker_03_left.xml"/>
        <sharedLight linkNode="sideMarker02" filename="$data/shared/assets/lights/lizard/sideMarker_03_right.xml"/>
        <sharedLight linkNode="sideMarker03" filename="$data/shared/assets/reflectors/lizard/yellowRound_01.xml"/>
        <sharedLight linkNode="sideMarker04" filename="$data/shared/assets/reflectors/lizard/yellowRound_01.xml"/>
        <sharedLight linkNode="sideMarker05" filename="$data/shared/assets/reflectors/lizard/yellowRound_01.xml"/>
        <sharedLight linkNode="sideMarker06" filename="$data/shared/assets/reflectors/lizard/yellowRound_01.xml"/>
        <sharedLight linkNode="sideMarker07" filename="$data/shared/assets/reflectors/lizard/yellowRound_01.xml"/>
        <sharedLight linkNode="sideMarker08" filename="$data/shared/assets/reflectors/lizard/yellowRound_01.xml"/>
        <realLights>
            <high>
                <light node="backLightsHigh1" lightTypes="0"/>
                <turnLightLeft node="turnLightLeftBack"/>
                <turnLightRight node="turnLightRightBack"/>
                <brakeLight node="backLightsHigh1"/>
            </high>
        </realLights>
    </lights>

    <animations>
        <animation name="moveSupport">
            <part node="supportArm" startTime="0.0" endTime="0.15" startTrans="0 -0.410 0" endTrans="0 -1 0"/>
            <part node="handbrake" startTime="0.0" endTime="0.7" startRot="0 0 0" endRot="75 0 0"/>
            <part node="handbrakeRotFront" startTime="0.0" endTime="0.7" startRot="0 0 0" endRot="75 0 0"/>
            <part node="handbrakeRotFrontPart" startTime="0.0" endTime="0.7" startRot="0 0 0" endRot="-75 0 0"/>
            <part node="handbrakeRotBack" startTime="0.0" endTime="0.7" startRot="0 0 0" endRot="30 0 0"/>
        </animation>
		<animation name="moveTrigger">
			<part node="ealTriggersIndex"   startTime="0"  endTime="0.001" startTrans="0 -10 4.886" endTrans="0 0.195 4.886" />
		</animation>
    </animations>

	
    <cylindered>
        <movingTools>
            <movingTool node="handbrake" playSound="true">
                <dependentPart node="handbrakePart"/>
                <dependentPart node="handbrakeRotFrontRope"/>
            </movingTool>
            <movingTool node="handbrakeRotBack" playSound="true">
                <dependentPart node="handbrakeRopeBack"/>
            </movingTool>
        </movingTools>
        <movingParts>
            <movingPart node="handbrakePart" referencePoint="handbrakePartRef" referenceFrame="handbrakePartRef" scaleZ="true"/>
            <movingPart node="handbrakeRotFrontRope" referencePoint="handbrakeRotFrontRopeRef" referenceFrame="handbrakeRotFrontRopeRef" scaleZ="true"/>
            <movingPart node="handbrakeRopeBack" referencePoint="handbrakeRopeBackRef" referenceFrame="handbrakeRopeBackRef" scaleZ="true"/>
        </movingParts>
        <sounds>
            <hydraulic template="DEFAULT_HYDRAULIC_SOUND" linkNode="0>"/>
        </sounds>
    </cylindered>

    <!--Configurable options for EasyAutoLoad-->
    <easyAutoLoad objectsIndex="ealObjectsIndex" triggersIndex="ealTriggersIndex" markerPositionsIndex="ealMarkerPositionsIndex" markerIndex="ealMarkerIndex" triggerAnimation="moveTrigger" centerMarkerIndex="1" unloadHeightOffset="-0.41">
        <levelBarOptions coloredIcons="true" iconColor="0.6307 0.6307 0.6307 1" fillLevelColor="0.991 0.3865 0.01 1"/>
        <palletIcon colorIcon="textures/pallet.png" overlayIcon="textures/palletIconOverlay.png"/>
        <roundBaleIcon colorIcon="textures/roundBale.png" overlayIcon="textures/roundBaleIconOverlay.png"/>
        <squareBaleIcon colorIcon="textures/squareBale.png" overlayIcon="textures/squareBaleIconOverlay.png"/>
        <weightIcon colorIcon="textures/weightIcon.png" overlayIcon="textures/weightIconOverlay.png"/>
        <moveableMarkerOptions minX="0 4 -25 -25" maxX="0 25 25 -4" minY="0 -0.7 -0.7 -0.7" maxY="0 15 15 15" minZ="0 -20 -30 -20" maxZ="0 20 -16 20" markerMoveSpeed="0.05"/>
    </easyAutoLoad>
	
    <tensionBelts>
        <tensionBeltsConfigurations>
            <tensionBeltsConfiguration>
                <tensionBelts linkNode="tensionBelts" jointNode="0>" width="0.075" maxEdgeLength="0.1" geometryBias="0.01" ratchetPosition="0.2" defaultOffset="0.1" defaultOffsetSide="0.1" defaultHeight="4" activationTrigger="beltActivationTrigger">
                    <tensionBelt startNode="tensionBeltStart1" endNode="tensionBeltEnd1" offsetLeft="0.2"/>
                    <tensionBelt startNode="tensionBeltStart2" endNode="tensionBeltEnd2"/>
                    <tensionBelt startNode="tensionBeltStart3" endNode="tensionBeltEnd3"/>
                    <tensionBelt startNode="tensionBeltStart4" endNode="tensionBeltEnd4"/>
                    <tensionBelt startNode="tensionBeltStart5" endNode="tensionBeltEnd5" offsetRight="0.2"/>
                </tensionBelts>
            </tensionBeltsConfiguration>
        </tensionBeltsConfigurations>
    </tensionBelts>
	
	
    <ai>
        <allowTurnBackward value="false"/>
        <turningRadiusLimitation radius="8"/>
    </ai>
    <foliageBending>
        <bendingNode minX="-1.2" maxX="1.2" minZ="-3.3" maxZ="1.7" yOffset="0.6"/>
    </foliageBending>
    <baseMaterial>
        <material name="sek802_mat" baseNode="sek802_vis">
            <shaderParameter name="colorMat0" value="STRAUTMANN_RED1"/>
            <shaderParameter name="colorMat1" value="STRAUTMANN_GREEN1"/>
            <shaderParameter name="colorMat2" value="STRAUTMANN_YELLOW1"/>
        </material>
    </baseMaterial>
    <wearable wearDuration="480" workMultiplier="5" fieldMultiplier="2"/>
    <washable dirtDuration="90" washDuration="1" workMultiplier="3" fieldMultiplier="2"/>
    <i3dMappings>
        <i3dMapping id="sek802_vis" node="0>0"/>
        <i3dMapping id="attacherJoint" node="0>0|0|0"/>
        <i3dMapping id="trailerAttacherJoint" node="0>0|0|1"/>
        <i3dMapping id="hydraulicIn01" node="0>0|0|2"/>
        <i3dMapping id="hydraulicIn01Detached" node="0>0|0|2|0"/>
        <i3dMapping id="hydraulicIn01Adapter" node="0>0|0|2|0|0"/>
        <i3dMapping id="supportArm" node="0>0|0|3|0"/>
        <i3dMapping id="supportPart" node="0>0|0|3|1"/>
        <i3dMapping id="wheelChockSupport01_01" node="0>0|0|4|0"/>
        <i3dMapping id="wheelChockSupport01_02" node="0>0|0|4|1"/>
        <i3dMapping id="wheelChock01" node="0>0|0|4|2"/>
        <i3dMapping id="wheelChock02" node="0>0|0|4|3"/>
        <i3dMapping id="wheelLeft" node="0>0|1|0"/>
        <i3dMapping id="wheelRight" node="0>0|1|1"/>
        <i3dMapping id="sideMarker01" node="0>0|2|0|0"/>
        <i3dMapping id="sideMarker02" node="0>0|2|0|1"/>
        <i3dMapping id="sideMarker03" node="0>0|2|0|2"/>
        <i3dMapping id="sideMarker04" node="0>0|2|0|3"/>
        <i3dMapping id="sideMarker05" node="0>0|2|0|4"/>
        <i3dMapping id="sideMarker06" node="0>0|2|0|5"/>
        <i3dMapping id="sideMarker07" node="0>0|2|0|6"/>
        <i3dMapping id="sideMarker08" node="0>0|2|0|7"/>
        <i3dMapping id="backlightLeft" node="0>0|2|0|8"/>
        <i3dMapping id="backlightRight" node="0>0|2|0|9"/>
        <i3dMapping id="backLightsHigh1" node="0>0|2|1"/>
        <i3dMapping id="turnLightLeftBack" node="0>0|2|2"/>
        <i3dMapping id="turnLightRightBack" node="0>0|2|3"/>
        <i3dMapping id="handbrake" node="0>0|3|0"/>
        <i3dMapping id="handbrakePart" node="0>0|3|0|0"/>
        <i3dMapping id="handbrakeRotFront" node="0>0|3|1"/>
        <i3dMapping id="handbrakeRotFrontPart" node="0>0|3|1|0"/>
        <i3dMapping id="handbrakeRotFrontRope" node="0>0|3|1|0|0"/>
        <i3dMapping id="handbrakePartRef" node="0>0|3|1|0|1"/>
        <i3dMapping id="handbrakeRotBack" node="0>0|3|2"/>
        <i3dMapping id="handbrakeRopeBack" node="0>0|3|2|0"/>
        <i3dMapping id="handbrakeRopeBackRef" node="0>0|3|3"/>
        <i3dMapping id="handbrakeRotFrontRopeRef" node="0>0|3|4"/>
		
        <i3dMapping id="tensionBelts" node="0>0|10"/>
        <i3dMapping id="tensionBeltStart1" node="0>0|10|0"/>
        <i3dMapping id="tensionBeltEnd1" node="0>0|10|0|0"/>
        <i3dMapping id="tensionBeltStart2" node="0>0|10|1"/>
        <i3dMapping id="tensionBeltEnd2" node="0>0|10|1|0"/>
        <i3dMapping id="tensionBeltStart3" node="0>0|10|2"/>
        <i3dMapping id="tensionBeltEnd3" node="0>0|10|2|0"/>
        <i3dMapping id="tensionBeltStart4" node="0>0|10|3"/>
        <i3dMapping id="tensionBeltEnd4" node="0>0|10|3|0"/>
        <i3dMapping id="tensionBeltStart5" node="0>0|10|4"/>
        <i3dMapping id="tensionBeltEnd5" node="0>0|10|4|0"/>
        <i3dMapping id="beltActivationTrigger" node="0>0|10|5"/>
		
        <i3dMapping id="bodyColFront" node="0>0|4|0|0|3"/>
        <i3dMapping id="bodyCol" node="0>0|4|0|0|2"/>
        <i3dMapping id="colPlatform1" node="0>0|4|0|0|4"/>
        <i3dMapping id="colPlatform2" node="0>0|4|0|0|5"/>
        <i3dMapping id="colPlatform3" node="0>0|4|0|0|6"/>
        <i3dMapping id="hydraulicBody" node="0>0|5"/>
        <i3dMapping id="hydraulicBodyPart" node="0>0|5|0"/>
        <i3dMapping id="hydraulicBodyPartPunch1" node="0>0|5|0|0"/>
        <i3dMapping id="hydraulicBodyPartPunch2" node="0>0|5|0|0|0"/>
        <i3dMapping id="hydraulicBodyPartPunch3" node="0>0|5|0|0|0|0"/>
        <i3dMapping id="hydraulicBodyRefFrame" node="0>0|6"/>
        <i3dMapping id="hydraulicBodyPartRefFrame" node="0>0|7"/>
        <i3dMapping id="dischargeNodeBack" node="0>0|8|0"/>
        <i3dMapping id="dischargeNodeGrainDoor" node="0>0|8|1"/>
        <i3dMapping id="dischargeNodeLeft" node="0>0|8|2"/>
        <i3dMapping id="dischargeNodeRight" node="0>0|8|3"/>
        <i3dMapping id="ealObjectsIndex" node="0>1|1"/>
        <i3dMapping id="ealTriggersIndex" node="0>1|3"/>
        <i3dMapping id="ealMarkerPositionsIndex" node="0>1|2"/>
        <i3dMapping id="ealMarkerIndex" node="0>1|0"/>
    </i3dMappings>
</vehicle>
