﻿<?xml version="1.0" encoding="utf-8" standalone="no" ?>
<modDesc descVersion="43">
    <author>Dorset</author>
    <version>1.0.0.0</version>
    <title>
        <en>2 Sided Bale Sheds</en>
		<de>Ballenschuppen Mit Zwei Wänden</de>
    </title>
    <description>
        <en>
            <![CDATA[A package of 2 sided bale sheds in 3 different sizes.
Small 11m x 22m
Medium 22m x 22m
Large 22m x 33m
			
]]>
        </en>
        <de>
            <![CDATA[Ein Paket aus drei verschiedenen Größen eines Ballenschuppen mit zwei Wänden.
Klein 11m x 22m
Mittel 22m x 22m
Groß 22m x 33m
]]>
        </de>
        <fr>
            <![CDATA[Un paquet de remises à balles double face en 3 tailles différentes.
Petit 11m x 22m
Taille Moyenne 22m x 22m
En liberté 22m x 33m
]]>
        </fr>
    </description>
    <iconFilename>icon.dds</iconFilename>
    <multiplayer supported="true" />
    
    <storeItems>
        <storeItem xmlFilename="shed1.xml"/>
		<storeItem xmlFilename="shed2.xml"/>
		<storeItem xmlFilename="shed3.xml"/>
    </storeItems>
		
	<l10n>
		<text name="$l10n_function_decoration">
            <en>Tall 2 sided bale sheds to keep your bales dry</en>
            <de>Hoher Ballenschuppen, um Ballen trocken zu lagern</de>
        </text>
	</l10n>
</modDesc>
