<?xml version="1.0" encoding="utf-8" standalone="no" ?>
<placeable>
    <storeData>
		<name>
            <en>2 Sided Bale Shed (Small)</en>
            <de>Ballenschuppen mit zwei Wänden (Klein)</de>
			<fr>Remise à balles double face</fr>
        </name>
        <image>shed1.png</image>
        <functions>
            <function>$l10n_function_decoration</function>
        </functions>
        <price>20000</price>
        <dailyUpkeep>20</dailyUpkeep>
        <canBeSold>true</canBeSold>
        <showInStore>true</showInStore>
        <lifetime>1000</lifetime>
        <rotation>0</rotation>
        <brand>LIZARD</brand>
        <species>placeable</species>
        <category>sheds</category>
        <vertexBufferMemoryUsage>214284</vertexBufferMemoryUsage>
        <indexBufferMemoryUsage>24060</indexBufferMemoryUsage>
        <textureMemoryUsage>9437344</textureMemoryUsage>
        <instanceVertexBufferMemoryUsage>0</instanceVertexBufferMemoryUsage>
        <instanceIndexBufferMemoryUsage>0</instanceIndexBufferMemoryUsage>
    </storeData>

    <placeableType>placeable</placeableType>
    <filename>shed1.i3d</filename>
    <placement testSizeX="1" testSizeZ="1" sizeX="1" sizeZ="1" useRandomYRotation="false" useManualYRotation="true" />
	
	<clearAreas>
        <clearArea startNode="3|0" widthNode="3|0|0" heightNode="3|0|1"/>
    </clearAreas>

    <leveling requireLeveling="true" maxSmoothDistance="10" maxSlope="75" maxEdgeAngle="30">
        <levelAreas>
            <levelArea startNode="4|0" widthNode="4|0|0" heightNode="4|0|1" groundType="dirt"/>
        </levelAreas>
    </leveling>
	
	<tipOcclusionUpdateArea sizeX="24" sizeZ="14" />

</placeable>
