﻿<?xml version="1.0" encoding="utf-8" standalone="no" ?>
<placeable>
    <storeData>
        <name>
            <de>Heu & Strohballen Lager </de>
            
        </name>
        <image>store_baleStorageQ_HS.dds</image>
        <price>20000</price>
        <functions>
            <function>$l10n_function_baleStorageQ_HS</function>
        </functions>
        <lifetime>1000</lifetime>
        <dailyUpkeep>10</dailyUpkeep>
        <canBeSold>true</canBeSold>
        <showInStore>true</showInStore>
        <rotation>0</rotation>
        <brand>HOTTOOLS</brand>
		<specs>
            <capacity>840000</capacity>
            <fillTypes>dryGrass_windrow straw</fillTypes>
        </specs>
        <species>placeable</species>
        <category>HoT_baleStorages</category>
    </storeData>
	
	
    <placeableType>GC_ProductionFactoryPlaceable</placeableType>
    <filename>baleStorageQ_HS.i3d</filename>
    <placement testSizeX="50" testSizeZ="42.0" sizeX="50" sizeZ="42" useRandomYRotation="false" useManualYRotation="true"/>
   
   <tipOcclusionUpdateArea sizeX="50" sizeZ="42" />	
	
	<clearAreas>
        <clearArea startIndex="6|0" widthIndex="6|1" heightIndex="6|2"/>
    </clearAreas>
	
	<leveling requireLeveling="true" maxSmoothDistance="5" maxSlope="30" maxEdgeAngle="20" >
        <levelAreas>
            <levelArea startNode="6|0" widthNode="6|1" heightNode="6|2" groundType="asphalt"/>
        </levelAreas>
    </leveling>
	
    <triggerMarkers>
        <triggerMarker node="4" />
    </triggerMarkers>
    <seasons>
        <maskAreas>
            <maskArea startNode="10|0" widthNode="10|0|0" heightNode="10|0|1"/>
        </maskAreas>
    </seasons>
   
    <productionFactories>
		<productionFactory indexName="baleStorageQ_HS" saveId="globalCompany_baleStorageQ_HS">
			<guiInformation title="HoT_baleStorages_baleStorageQ_HS_FactoryName" imageFilename="store_baleStorageQ_HS.dds" description="HoT_baleStorages_baleStorageQ_HS_FactoryDescription" cameraFeed="gui_camera" spawnTextOne="HoT_baleStorages_baleStorageQ_HS_gui_spawnText1" spawnTextTwo="HoT_baleStorages_baleStorageQ_HS_gui_spawnText2"/>
			
			<operation updateDelayMinutes="1" showInGlobalGUI="true" />
			
			<registerUnloadingTriggers>
				<unloadingTrigger name="UnloadingTriggerGrain" exactFillRootNode="exactFillRootNode1"  baleTriggerNode="baleTrigger1"/>
				<unloadingTrigger name="UnloadingTriggerGrain" exactFillRootNode="exactFillRootNode2"  baleTriggerNode="baleTrigger2"/>
			</registerUnloadingTriggers>

			<registerLoadingTriggers>
				<loadingTrigger name="LoadingTrigger" triggerNode="trigger" fillLitersPerSecond="500" autoStart="false">
				</loadingTrigger>
			</registerLoadingTriggers>
			
			<registerInputProducts>				
				<inputProduct name="IP_GRAIN1" capacity="100000" title="HoT_baleStorages_baleStorageQ_HS_Input1" > 
					<fillTypes>
						<fillType name="dryGrass_windrow" />
						
					</fillTypes>
					
					
					
					<inputMethods>
						<unloadingTrigger name="UnloadingTriggerGrain"/>
					</inputMethods>						
					
					<digitalDisplays>
						<display displayType="LEVEL" numbers="IN_Display1" emptyNumberColor="1 0 0 1" numberColor="1 1 0 1" fullNumberColor="0 1 0 1"/>
					</digitalDisplays>
				</inputProduct>
				<inputProduct name="IP_GRAIN2" capacity="100000" title="HoT_baleStorages_baleStorageQ_HS_Input2" > 
					<fillTypes>
						<fillType name="straw" />
						
					</fillTypes>
					
					
					
					<inputMethods>
						<unloadingTrigger name="UnloadingTriggerGrain"/>
					</inputMethods>						
					
					<digitalDisplays>
						<display displayType="LEVEL" numbers="IN_Display2" emptyNumberColor="1 0 0 1" numberColor="1 1 0 1" fullNumberColor="0 1 0 1"/>
					</digitalDisplays>
				</inputProduct>
			</registerInputProducts>
			
			<registerOutputProducts>
				
				<outputProduct name="OP_GRAIN1" fillType="dryGrass_windrow" capacity="840000" >
					<outputMethods>
						<loadingTrigger name="LoadingTrigger" />
						<objectSpawner capacity="4000" xmlFilename="$data/objects/buyableBales/buyableBales_dryGrass.xml">
							<area startNode="startH1" endNode="endH1" />
							<area startNode="startH2" endNode="endH2" />
							<area startNode="startH3" endNode="endH3" />
							<area startNode="startH4" endNode="endH4" />
							<area startNode="startH5" endNode="endH5" />
							<area startNode="startH6" endNode="endH6" />
							<area startNode="startH7" endNode="endH7" />
							<area startNode="startH8" endNode="endH8" />
							<area startNode="startH9" endNode="endH9" />
						</objectSpawner>
					</outputMethods>	
					<digitalDisplays>
						<display displayType="LEVEL" numbers="OP_Display1" emptyNumberColor="0 1 0 1" numberColor="1 1 0 1" fullNumberColor="1 0 0 1"/>
					</digitalDisplays>
						<visibilityNodes>
							<nodeGroup hasChildCollisions="true">	
							<child node="BaleQH0"/>
							<child node="BaleQH1" />
							<child node="BaleQH2" />
							<child node="BaleQH3" />
							<child node="BaleQH4" />
							<child node="BaleQH5" />
							<child node="BaleQH6" />
							<child node="BaleQH7" />
							<child node="BaleQH8" />
							<child node="BaleQH9" />
							<child node="BaleQH10" />
							<child node="BaleQH11" />
							<child node="BaleQH12" />
							<child node="BaleQH13" />
							<child node="BaleQH14" />
							<child node="BaleQH15" />
							<child node="BaleQH16" />
							<child node="BaleQH17" />
							<child node="BaleQH18" />
							<child node="BaleQH19" />
							<child node="BaleQH20" />
							<child node="BaleQH21" />
							<child node="BaleQH22" />
							<child node="BaleQH23" />
							<child node="BaleQH24" />
							<child node="BaleQH25" />
							<child node="BaleQH26" />
							<child node="BaleQH27" />
							<child node="BaleQH28" />
							<child node="BaleQH29" />
							<child node="BaleQH30"/>
							<child node="BaleQH31"/>
							<child node="BaleQH32"/>
							<child node="BaleQH33"/>
							<child node="BaleQH34"/>
							<child node="BaleQH35"/>
							<child node="BaleQH36"/>
							<child node="BaleQH37"/>
							<child node="BaleQH38"/>
							<child node="BaleQH39"/>
							<child node="BaleQH40"/>
							<child node="BaleQH41"/>
							<child node="BaleQH42"/>
							<child node="BaleQH43"/>
							<child node="BaleQH44"/>
							<child node="BaleQH45"/>
							<child node="BaleQH46"/>
							<child node="BaleQH47"/>
							<child node="BaleQH48"/>
							<child node="BaleQH49"/>
							<child node="BaleQH50"/>
							<child node="BaleQH51"/>
							<child node="BaleQH52"/>
							<child node="BaleQH53"/>
							<child node="BaleQH54"/>
							<child node="BaleQH55"/>
							<child node="BaleQH56"/>
							<child node="BaleQH57"/>
							<child node="BaleQH58"/>
							<child node="BaleQH59"/>
							<child node="BaleQH60"/>
							<child node="BaleQH61"/>
							<child node="BaleQH62"/>
							<child node="BaleQH63"/>
							<child node="BaleQH64"/>
							<child node="BaleQH65"/>
							<child node="BaleQH66"/>
							<child node="BaleQH67"/>
							<child node="BaleQH68"/>
							<child node="BaleQH69"/>
							<child node="BaleQH70"/>
							<child node="BaleQH71"/>
							<child node="BaleQH72"/>
							<child node="BaleQH73"/>
							<child node="BaleQH74"/>
							<child node="BaleQH75"/>
							<child node="BaleQH76"/>
							<child node="BaleQH77"/>
							<child node="BaleQH78"/>
							<child node="BaleQH79"/>
							<child node="BaleQH80"/>
							<child node="BaleQH81"/>
							<child node="BaleQH82"/>
							<child node="BaleQH83"/>
							<child node="BaleQH84"/>
							<child node="BaleQH85"/>
							<child node="BaleQH86"/>
							<child node="BaleQH87"/>
							<child node="BaleQH88"/>
							<child node="BaleQH89"/>
							<child node="BaleQH90"/>
							<child node="BaleQH91"/>
							<child node="BaleQH92"/>
							<child node="BaleQH93"/>
							<child node="BaleQH94"/>
							<child node="BaleQH95"/>
							<child node="BaleQH96"/>
							<child node="BaleQH97"/>
							<child node="BaleQH98"/>
							<child node="BaleQH99"/>
							<child node="BaleQH100"/>
							<child node="BaleQH101"/>
							<child node="BaleQH102"/>
							<child node="BaleQH103"/>
							<child node="BaleQH104"/>
							<child node="BaleQH105"/>
							<child node="BaleQH106"/>
							<child node="BaleQH107"/>
							<child node="BaleQH108"/>
							<child node="BaleQH109"/>
							<child node="BaleQH110"/>
							<child node="BaleQH111"/>
							<child node="BaleQH112"/>
							<child node="BaleQH113"/>
							<child node="BaleQH114"/>
							<child node="BaleQH115"/>
							<child node="BaleQH116"/>
							<child node="BaleQH117"/>
							<child node="BaleQH118"/>
							<child node="BaleQH119"/>
							<child node="BaleQH120"/>
							<child node="BaleQH121"/>
							<child node="BaleQH122"/>
							<child node="BaleQH123"/>
							<child node="BaleQH124"/>
							<child node="BaleQH125"/>
							<child node="BaleQH126"/>
							<child node="BaleQH127"/>
							<child node="BaleQH128"/>
							<child node="BaleQH129"/>
							<child node="BaleQH130"/>
							<child node="BaleQH131"/>
							<child node="BaleQH132"/>
							<child node="BaleQH133"/>
							<child node="BaleQH134"/>
							<child node="BaleQH135"/>
							<child node="BaleQH136"/>
							<child node="BaleQH137"/>
							<child node="BaleQH138"/>
							<child node="BaleQH139"/>
							<child node="BaleQH140"/>
							<child node="BaleQH141"/>
							<child node="BaleQH142"/>
							<child node="BaleQH143"/>
							<child node="BaleQH144"/>
							<child node="BaleQH145"/>
							<child node="BaleQH146"/>
							<child node="BaleQH147"/>
							<child node="BaleQH148"/>
							<child node="BaleQH149"/>
							<child node="BaleQH150"/>
							<child node="BaleQH151"/>
							<child node="BaleQH152"/>
							<child node="BaleQH153"/>
							<child node="BaleQH154"/>
							<child node="BaleQH155"/>
							<child node="BaleQH156"/>
							<child node="BaleQH157"/>
							<child node="BaleQH158"/>
							<child node="BaleQH159"/>
							<child node="BaleQH160"/>
							<child node="BaleQH161"/>
							<child node="BaleQH162"/>
							<child node="BaleQH163"/>
							<child node="BaleQH164"/>
							<child node="BaleQH165"/>
							<child node="BaleQH166"/>
							<child node="BaleQH167"/>
							<child node="BaleQH168"/>
							<child node="BaleQH169"/>
							<child node="BaleQH170"/>
							<child node="BaleQH171"/>
							<child node="BaleQH172"/>
							<child node="BaleQH173"/>
							<child node="BaleQH174"/>
							<child node="BaleQH175"/>
							<child node="BaleQH176"/>
							<child node="BaleQH177"/>
							<child node="BaleQH178"/>
							<child node="BaleQH179"/>
							<child node="BaleQH180"/>
							<child node="BaleQH181"/>
							<child node="BaleQH182"/>
							<child node="BaleQH183"/>
							<child node="BaleQH184"/>
							<child node="BaleQH185"/>
							<child node="BaleQH186"/>
							<child node="BaleQH187"/>
							<child node="BaleQH188"/>
							<child node="BaleQH189"/>
							<child node="BaleQH190"/>
							<child node="BaleQH191"/>
							<child node="BaleQH192"/>
							<child node="BaleQH193"/>
							<child node="BaleQH194"/>
							<child node="BaleQH195"/>
							<child node="BaleQH196"/>
							<child node="BaleQH197"/>
							<child node="BaleQH198"/>
							<child node="BaleQH199"/>
							<child node="BaleQH200"/>
							<child node="BaleQH201"/>
							<child node="BaleQH202"/>
							<child node="BaleQH203"/>
							<child node="BaleQH204"/>
							<child node="BaleQH205"/>
							<child node="BaleQH206"/>
							<child node="BaleQH207"/>
							<child node="BaleQH208"/>
							<child node="BaleQH209"/>
							
						</nodeGroup>
					</visibilityNodes>
				</outputProduct>

				<outputProduct name="OP_GRAIN2" fillType="straw" capacity="840000" >
					<outputMethods>
						<loadingTrigger name="LoadingTrigger" />
						<objectSpawner capacity="4000" xmlFilename="$data/objects/buyableBales/buyableBales_straw.xml">
							<area startNode="startS1" endNode="endS1" />
							<area startNode="startS2" endNode="endS2" />
							<area startNode="startS3" endNode="endS3" />
							<area startNode="startS4" endNode="endS4" />
							<area startNode="startS5" endNode="endS5" />
							<area startNode="startS6" endNode="endS6" />
							<area startNode="startS7" endNode="endS7" />
							<area startNode="startS8" endNode="endS8" />
							<area startNode="startS9" endNode="endS9" />
						</objectSpawner>
					</outputMethods>	
					<digitalDisplays>
						<display displayType="LEVEL" numbers="OP_Display2" emptyNumberColor="0 1 0 1" numberColor="1 1 0 1" fullNumberColor="1 0 0 1"/>
					</digitalDisplays>
					<visibilityNodes>
						<nodeGroup hasChildCollisions="true">	
							<child node="BaleQS0"/>
							<child node="BaleQS1" />
							<child node="BaleQS2" />
							<child node="BaleQS3" />
							<child node="BaleQS4" />
							<child node="BaleQS5" />
							<child node="BaleQS6" />
							<child node="BaleQS7" />
							<child node="BaleQS8" />
							<child node="BaleQS9" />
							<child node="BaleQS10" />
							<child node="BaleQS11" />
							<child node="BaleQS12" />
							<child node="BaleQS13" />
							<child node="BaleQS14" />
							<child node="BaleQS15" />
							<child node="BaleQS16" />
							<child node="BaleQS17" />
							<child node="BaleQS18" />
							<child node="BaleQS19" />
							<child node="BaleQS20" />
							<child node="BaleQS21" />
							<child node="BaleQS22" />
							<child node="BaleQS23" />
							<child node="BaleQS24" />
							<child node="BaleQS25" />
							<child node="BaleQS26" />
							<child node="BaleQS27" />
							<child node="BaleQS28" />
							<child node="BaleQS29" />
							<child node="BaleQS30"/>
							<child node="BaleQS31"/>
							<child node="BaleQS32"/>
							<child node="BaleQS33"/>
							<child node="BaleQS34"/>
							<child node="BaleQS35"/>
							<child node="BaleQS36"/>
							<child node="BaleQS37"/>
							<child node="BaleQS38"/>
							<child node="BaleQS39"/>
							<child node="BaleQS40"/>
							<child node="BaleQS41"/>
							<child node="BaleQS42"/>
							<child node="BaleQS43"/>
							<child node="BaleQS44"/>
							<child node="BaleQS45"/>
							<child node="BaleQS46"/>
							<child node="BaleQS47"/>
							<child node="BaleQS48"/>
							<child node="BaleQS49"/>
							<child node="BaleQS50"/>
							<child node="BaleQS51"/>
							<child node="BaleQS52"/>
							<child node="BaleQS53"/>
							<child node="BaleQS54"/>
							<child node="BaleQS55"/>
							<child node="BaleQS56"/>
							<child node="BaleQS57"/>
							<child node="BaleQS58"/>
							<child node="BaleQS59"/>
							<child node="BaleQS60"/>
							<child node="BaleQS61"/>
							<child node="BaleQS62"/>
							<child node="BaleQS63"/>
							<child node="BaleQS64"/>
							<child node="BaleQS65"/>
							<child node="BaleQS66"/>
							<child node="BaleQS67"/>
							<child node="BaleQS68"/>
							<child node="BaleQS69"/>
							<child node="BaleQS70"/>
							<child node="BaleQS71"/>
							<child node="BaleQS72"/>
							<child node="BaleQS73"/>
							<child node="BaleQS74"/>
							<child node="BaleQS75"/>
							<child node="BaleQS76"/>
							<child node="BaleQS77"/>
							<child node="BaleQS78"/>
							<child node="BaleQS79"/>
							<child node="BaleQS80"/>
							<child node="BaleQS81"/>
							<child node="BaleQS82"/>
							<child node="BaleQS83"/>
							<child node="BaleQS84"/>
							<child node="BaleQS85"/>
							<child node="BaleQS86"/>
							<child node="BaleQS87"/>
							<child node="BaleQS88"/>
							<child node="BaleQS89"/>
							<child node="BaleQS90"/>
							<child node="BaleQS91"/>
							<child node="BaleQS92"/>
							<child node="BaleQS93"/>
							<child node="BaleQS94"/>
							<child node="BaleQS95"/>
							<child node="BaleQS96"/>
							<child node="BaleQS97"/>
							<child node="BaleQS98"/>
							<child node="BaleQS99"/>
							<child node="BaleQS100"/>
							<child node="BaleQS101"/>
							<child node="BaleQS102"/>
							<child node="BaleQS103"/>
							<child node="BaleQS104"/>
							<child node="BaleQS105"/>
							<child node="BaleQS106"/>
							<child node="BaleQS107"/>
							<child node="BaleQS108"/>
							<child node="BaleQS109"/>
							<child node="BaleQS110"/>
							<child node="BaleQS111"/>
							<child node="BaleQS112"/>
							<child node="BaleQS113"/>
							<child node="BaleQS114"/>
							<child node="BaleQS115"/>
							<child node="BaleQS116"/>
							<child node="BaleQS117"/>
							<child node="BaleQS118"/>
							<child node="BaleQS119"/>
							<child node="BaleQS120"/>
							<child node="BaleQS121"/>
							<child node="BaleQS122"/>
							<child node="BaleQS123"/>
							<child node="BaleQS124"/>
							<child node="BaleQS125"/>
							<child node="BaleQS126"/>
							<child node="BaleQS127"/>
							<child node="BaleQS128"/>
							<child node="BaleQS129"/>
							<child node="BaleQS130"/>
							<child node="BaleQS131"/>
							<child node="BaleQS132"/>
							<child node="BaleQS133"/>
							<child node="BaleQS134"/>
							<child node="BaleQS135"/>
							<child node="BaleQS136"/>
							<child node="BaleQS137"/>
							<child node="BaleQS138"/>
							<child node="BaleQS139"/>
							<child node="BaleQS140"/>
							<child node="BaleQS141"/>
							<child node="BaleQS142"/>
							<child node="BaleQS143"/>
							<child node="BaleQS144"/>
							<child node="BaleQS145"/>
							<child node="BaleQS146"/>
							<child node="BaleQS147"/>
							<child node="BaleQS148"/>
							<child node="BaleQS149"/>
							<child node="BaleQS150"/>
							<child node="BaleQS151"/>
							<child node="BaleQS152"/>
							<child node="BaleQS153"/>
							<child node="BaleQS154"/>
							<child node="BaleQS155"/>
							<child node="BaleQS156"/>
							<child node="BaleQS157"/>
							<child node="BaleQS158"/>
							<child node="BaleQS159"/>
							<child node="BaleQS160"/>
							<child node="BaleQS161"/>
							<child node="BaleQS162"/>
							<child node="BaleQS163"/>
							<child node="BaleQS164"/>
							<child node="BaleQS165"/>
							<child node="BaleQS166"/>
							<child node="BaleQS167"/>
							<child node="BaleQS168"/>
							<child node="BaleQS169"/>
							<child node="BaleQS170"/>
							<child node="BaleQS171"/>
							<child node="BaleQS172"/>
							<child node="BaleQS173"/>
							<child node="BaleQS174"/>
							<child node="BaleQS175"/>
							<child node="BaleQS176"/>
							<child node="BaleQS177"/>
							<child node="BaleQS178"/>
							<child node="BaleQS179"/>
							<child node="BaleQS180"/>
							<child node="BaleQS181"/>
							<child node="BaleQS182"/>
							<child node="BaleQS183"/>
							<child node="BaleQS184"/>
							<child node="BaleQS185"/>
							<child node="BaleQS186"/>
							<child node="BaleQS187"/>
							<child node="BaleQS188"/>
							<child node="BaleQS189"/>
							<child node="BaleQS190"/>
							<child node="BaleQS191"/>
							<child node="BaleQS192"/>
							<child node="BaleQS193"/>
							<child node="BaleQS194"/>
							<child node="BaleQS195"/>
							<child node="BaleQS196"/>
							<child node="BaleQS197"/>
							<child node="BaleQS198"/>
							<child node="BaleQS199"/>
							<child node="BaleQS200"/>
							<child node="BaleQS201"/>
							<child node="BaleQS202"/>
							<child node="BaleQS203"/>
							<child node="BaleQS204"/>
							<child node="BaleQS205"/>
							<child node="BaleQS206"/>
							<child node="BaleQS207"/>
							<child node="BaleQS208"/>
							<child node="BaleQS209"/>
						</nodeGroup>
					</visibilityNodes>
				</outputProduct>
			</registerOutputProducts>
			
			<productLines>
				<productLine autoLineStart="true" outputPerHour="40000000" title="HoT_baleStorages_baleStorageQ_HS_productLine1" showInGUI="true">
					<inputs>
						<inputProduct name="IP_GRAIN1" percent="100" />	
					</inputs>					
					<outputs>
						<outputProduct name="OP_GRAIN1" percent="100" />				
					</outputs>					
					<playerTrigger playerTriggerNode="PlayerTrigger1" showPopupUI="true"/>					
					<operatingParts>						

					</operatingParts>
				</productLine>
			<productLine autoLineStart="true" outputPerHour="40000000" title="HoT_baleStorages_baleStorageQ_HS_productLine2" showInGUI="true">
					<inputs>
						<inputProduct name="IP_GRAIN2" percent="100" />	
					</inputs>					
					<outputs>
						<outputProduct name="OP_GRAIN2" percent="100" />				
					</outputs>					
					<playerTrigger playerTriggerNode="PlayerTrigger2" showPopupUI="true"/>					
					<operatingParts>						

						
					</operatingParts>
				</productLine>
			</productLines>	
			
			<i3dMappings>			 
				<i3dMapping id="BaleQS0" node="0|0|0|0"/>
				<i3dMapping id="BaleQS1" node="0|0|0|1"/>
				<i3dMapping id="BaleQS2" node="0|0|0|2"/>
				<i3dMapping id="BaleQS3" node="0|0|0|3"/>
				<i3dMapping id="BaleQS4" node="0|0|0|4"/>
				<i3dMapping id="BaleQS5" node="0|0|0|5"/>
				<i3dMapping id="BaleQS6" node="0|0|0|6"/>
				<i3dMapping id="BaleQS7" node="0|0|0|7"/>
				<i3dMapping id="BaleQS8" node="0|0|0|8"/>
				<i3dMapping id="BaleQS9" node="0|0|0|9"/>
				<i3dMapping id="BaleQS10" node="0|0|0|10"/>
				<i3dMapping id="BaleQS11" node="0|0|0|11"/>
				<i3dMapping id="BaleQS12" node="0|0|0|12"/>
				<i3dMapping id="BaleQS13" node="0|0|0|13"/>
				<i3dMapping id="BaleQS14" node="0|0|0|14"/>
				<i3dMapping id="BaleQS15" node="0|0|0|15"/>
				<i3dMapping id="BaleQS16" node="0|0|0|16"/>
				<i3dMapping id="BaleQS17" node="0|0|0|17"/>
				<i3dMapping id="BaleQS18" node="0|0|1|0"/>
				<i3dMapping id="BaleQS19" node="0|0|1|1"/>
				<i3dMapping id="BaleQS20" node="0|0|1|2"/>
				<i3dMapping id="BaleQS21" node="0|0|1|3"/>
				<i3dMapping id="BaleQS22" node="0|0|1|4"/>
				<i3dMapping id="BaleQS23" node="0|0|1|5"/>
				<i3dMapping id="BaleQS24" node="0|0|1|6"/>
				<i3dMapping id="BaleQS25" node="0|0|1|7"/>
				<i3dMapping id="BaleQS26" node="0|0|1|8"/>
				<i3dMapping id="BaleQS27" node="0|0|1|9"/>
				<i3dMapping id="BaleQS28" node="0|0|1|10"/>
				<i3dMapping id="BaleQS29" node="0|0|1|11"/>
				<i3dMapping id="BaleQS30" node="0|0|1|12"/>
				<i3dMapping id="BaleQS31" node="0|0|1|13"/>
				<i3dMapping id="BaleQS32" node="0|0|1|14"/>
				<i3dMapping id="BaleQS33" node="0|0|1|15"/>
				<i3dMapping id="BaleQS34" node="0|0|1|16"/>
				<i3dMapping id="BaleQS35" node="0|0|1|17"/>
				<i3dMapping id="BaleQS36" node="0|0|2|0"/>
				<i3dMapping id="BaleQS37" node="0|0|2|1"/>
				<i3dMapping id="BaleQS38" node="0|0|2|2"/>
				<i3dMapping id="BaleQS39" node="0|0|2|3"/>
				<i3dMapping id="BaleQS40" node="0|0|2|4"/>
				<i3dMapping id="BaleQS41" node="0|0|2|5"/>
				<i3dMapping id="BaleQS42" node="0|0|2|6"/>
				<i3dMapping id="BaleQS43" node="0|0|2|7"/>
				<i3dMapping id="BaleQS44" node="0|0|2|8"/>
				<i3dMapping id="BaleQS45" node="0|0|2|9"/>
				<i3dMapping id="BaleQS46" node="0|0|2|10"/>
				<i3dMapping id="BaleQS47" node="0|0|2|11"/>
				<i3dMapping id="BaleQS48" node="0|0|2|12"/>
				<i3dMapping id="BaleQS49" node="0|0|2|13"/>
				<i3dMapping id="BaleQS50" node="0|0|2|14"/>
				<i3dMapping id="BaleQS51" node="0|0|2|15"/>
				<i3dMapping id="BaleQS52" node="0|0|2|16"/>
				<i3dMapping id="BaleQS53" node="0|0|2|17"/>
				<i3dMapping id="BaleQS54" node="0|0|3|0"/>
				<i3dMapping id="BaleQS55" node="0|0|3|1"/>
				<i3dMapping id="BaleQS56" node="0|0|3|2"/>
				<i3dMapping id="BaleQS57" node="0|0|3|3"/>
				<i3dMapping id="BaleQS58" node="0|0|3|4"/>
				<i3dMapping id="BaleQS59" node="0|0|3|5"/>
				<i3dMapping id="BaleQS60" node="0|0|3|6"/>
				<i3dMapping id="BaleQS61" node="0|0|3|7"/>
				<i3dMapping id="BaleQS62" node="0|0|3|8"/>
				<i3dMapping id="BaleQS63" node="0|0|3|9"/>
				<i3dMapping id="BaleQS64" node="0|0|3|10"/>
				<i3dMapping id="BaleQS65" node="0|0|3|11"/>
				<i3dMapping id="BaleQS66" node="0|0|3|12"/>
				<i3dMapping id="BaleQS67" node="0|0|3|13"/>
				<i3dMapping id="BaleQS68" node="0|0|3|14"/>
				<i3dMapping id="BaleQS69" node="0|0|3|15"/>
				<i3dMapping id="BaleQS70" node="0|0|3|16"/>
				<i3dMapping id="BaleQS71" node="0|0|3|17"/>
				<i3dMapping id="BaleQS72" node="0|0|4|0"/>
				<i3dMapping id="BaleQS73" node="0|0|4|1"/>
				<i3dMapping id="BaleQS74" node="0|0|4|2"/>
				<i3dMapping id="BaleQS75" node="0|0|4|3"/>
				<i3dMapping id="BaleQS76" node="0|0|4|4"/>
				<i3dMapping id="BaleQS77" node="0|0|4|5"/>
				<i3dMapping id="BaleQS78" node="0|0|4|6"/>
				<i3dMapping id="BaleQS79" node="0|0|4|7"/>
				<i3dMapping id="BaleQS80" node="0|0|4|8"/>
				<i3dMapping id="BaleQS81" node="0|0|4|9"/>
				<i3dMapping id="BaleQS82" node="0|0|4|10"/>
				<i3dMapping id="BaleQS83" node="0|0|4|11"/>
				<i3dMapping id="BaleQS84" node="0|0|4|12"/>
				<i3dMapping id="BaleQS85" node="0|0|4|13"/>
				<i3dMapping id="BaleQS86" node="0|0|4|14"/>
				<i3dMapping id="BaleQS87" node="0|0|4|15"/>
				<i3dMapping id="BaleQS88" node="0|0|4|16"/>
				<i3dMapping id="BaleQS89" node="0|0|4|17"/>
				<i3dMapping id="BaleQS90" node="0|0|5|0"/>
				<i3dMapping id="BaleQS91" node="0|0|5|1"/>
				<i3dMapping id="BaleQS92" node="0|0|5|2"/>
				<i3dMapping id="BaleQS93" node="0|0|5|3"/>
				<i3dMapping id="BaleQS94" node="0|0|5|4"/>
				<i3dMapping id="BaleQS95" node="0|0|5|5"/>
				<i3dMapping id="BaleQS96" node="0|0|5|6"/>
				<i3dMapping id="BaleQS97" node="0|0|5|7"/>
				<i3dMapping id="BaleQS98" node="0|0|5|8"/>
				<i3dMapping id="BaleQS99" node="0|0|5|9"/>
				<i3dMapping id="BaleQS100" node="0|0|5|10"/>
				<i3dMapping id="BaleQS101" node="0|0|5|11"/>
				<i3dMapping id="BaleQS102" node="0|0|5|12"/>
				<i3dMapping id="BaleQS103" node="0|0|5|13"/>
				<i3dMapping id="BaleQS104" node="0|0|5|14"/>
				<i3dMapping id="BaleQS105" node="0|0|5|15"/>
				<i3dMapping id="BaleQS106" node="0|0|5|16"/>
				<i3dMapping id="BaleQS107" node="0|0|5|17"/>
				<i3dMapping id="BaleQS108" node="0|0|6|0"/>
				<i3dMapping id="BaleQS109" node="0|0|6|1"/>
				<i3dMapping id="BaleQS110" node="0|0|6|2"/>
				<i3dMapping id="BaleQS111" node="0|0|6|3"/>
				<i3dMapping id="BaleQS112" node="0|0|6|4"/>
				<i3dMapping id="BaleQS113" node="0|0|6|5"/>
				<i3dMapping id="BaleQS114" node="0|0|6|6"/>
				<i3dMapping id="BaleQS115" node="0|0|6|7"/>
				<i3dMapping id="BaleQS116" node="0|0|6|8"/>
				<i3dMapping id="BaleQS117" node="0|0|6|9"/>
				<i3dMapping id="BaleQS118" node="0|0|6|10"/>
				<i3dMapping id="BaleQS119" node="0|0|6|11"/>
				<i3dMapping id="BaleQS120" node="0|0|6|12"/>
				<i3dMapping id="BaleQS121" node="0|0|6|13"/>
				<i3dMapping id="BaleQS122" node="0|0|6|14"/>
				<i3dMapping id="BaleQS123" node="0|0|6|15"/>
				<i3dMapping id="BaleQS124" node="0|0|6|16"/>
				<i3dMapping id="BaleQS125" node="0|0|6|17"/>
				<i3dMapping id="BaleQS126" node="0|0|7|0"/>
				<i3dMapping id="BaleQS127" node="0|0|7|1"/>
				<i3dMapping id="BaleQS128" node="0|0|7|2"/>
				<i3dMapping id="BaleQS129" node="0|0|7|3"/>
				<i3dMapping id="BaleQS130" node="0|0|7|4"/>
				<i3dMapping id="BaleQS131" node="0|0|7|5"/>
				<i3dMapping id="BaleQS132" node="0|0|7|6"/>
				<i3dMapping id="BaleQS133" node="0|0|7|7"/>
				<i3dMapping id="BaleQS134" node="0|0|7|8"/>
				<i3dMapping id="BaleQS135" node="0|0|7|9"/>
				<i3dMapping id="BaleQS136" node="0|0|7|10"/>
				<i3dMapping id="BaleQS137" node="0|0|7|11"/>
				<i3dMapping id="BaleQS138" node="0|0|8|0"/>
				<i3dMapping id="BaleQS139" node="0|0|8|1"/>
				<i3dMapping id="BaleQS140" node="0|0|8|2"/>
				<i3dMapping id="BaleQS141" node="0|0|8|3"/>
				<i3dMapping id="BaleQS142" node="0|0|8|4"/>
				<i3dMapping id="BaleQS143" node="0|0|8|5"/>
				<i3dMapping id="BaleQS144" node="0|0|8|6"/>
				<i3dMapping id="BaleQS145" node="0|0|8|7"/>
				<i3dMapping id="BaleQS146" node="0|0|8|8"/>
				<i3dMapping id="BaleQS147" node="0|0|8|9"/>
				<i3dMapping id="BaleQS148" node="0|0|8|10"/>
				<i3dMapping id="BaleQS149" node="0|0|8|11"/>
				<i3dMapping id="BaleQS150" node="0|0|8|12"/>
				<i3dMapping id="BaleQS151" node="0|0|8|13"/>
				<i3dMapping id="BaleQS152" node="0|0|8|14"/>
				<i3dMapping id="BaleQS153" node="0|0|8|15"/>
				<i3dMapping id="BaleQS154" node="0|0|8|16"/>
				<i3dMapping id="BaleQS155" node="0|0|8|17"/>
				<i3dMapping id="BaleQS156" node="0|0|9|0"/>
				<i3dMapping id="BaleQS157" node="0|0|9|1"/>
				<i3dMapping id="BaleQS158" node="0|0|9|2"/>
				<i3dMapping id="BaleQS159" node="0|0|9|3"/>
				<i3dMapping id="BaleQS160" node="0|0|9|4"/>
				<i3dMapping id="BaleQS161" node="0|0|9|5"/>
				<i3dMapping id="BaleQS162" node="0|0|9|6"/>
				<i3dMapping id="BaleQS163" node="0|0|9|7"/>
				<i3dMapping id="BaleQS164" node="0|0|9|8"/>
				<i3dMapping id="BaleQS165" node="0|0|9|9"/>
				<i3dMapping id="BaleQS166" node="0|0|9|10"/>
				<i3dMapping id="BaleQS167" node="0|0|9|11"/>
				<i3dMapping id="BaleQS168" node="0|0|9|12"/>
				<i3dMapping id="BaleQS169" node="0|0|9|13"/>
				<i3dMapping id="BaleQS170" node="0|0|9|14"/>
				<i3dMapping id="BaleQS171" node="0|0|9|15"/>
				<i3dMapping id="BaleQS172" node="0|0|9|16"/>
				<i3dMapping id="BaleQS173" node="0|0|9|17"/>
				<i3dMapping id="BaleQS174" node="0|0|10|0"/>
				<i3dMapping id="BaleQS175" node="0|0|10|1"/>
				<i3dMapping id="BaleQS176" node="0|0|10|2"/>
				<i3dMapping id="BaleQS177" node="0|0|10|3"/>
				<i3dMapping id="BaleQS178" node="0|0|10|4"/>
				<i3dMapping id="BaleQS179" node="0|0|10|5"/>
				<i3dMapping id="BaleQS180" node="0|0|10|6"/>
				<i3dMapping id="BaleQS181" node="0|0|10|7"/>
				<i3dMapping id="BaleQS182" node="0|0|10|8"/>
				<i3dMapping id="BaleQS183" node="0|0|10|9"/>
				<i3dMapping id="BaleQS184" node="0|0|10|10"/>
				<i3dMapping id="BaleQS185" node="0|0|10|11"/>
				<i3dMapping id="BaleQS186" node="0|0|10|12"/>
				<i3dMapping id="BaleQS187" node="0|0|10|13"/>
				<i3dMapping id="BaleQS188" node="0|0|10|14"/>
				<i3dMapping id="BaleQS189" node="0|0|10|15"/>
				<i3dMapping id="BaleQS190" node="0|0|10|16"/>
				<i3dMapping id="BaleQS191" node="0|0|10|17"/>
				<i3dMapping id="BaleQS192" node="0|0|11|0"/>
				<i3dMapping id="BaleQS193" node="0|0|11|1"/>
				<i3dMapping id="BaleQS194" node="0|0|11|2"/>
				<i3dMapping id="BaleQS195" node="0|0|11|3"/>
				<i3dMapping id="BaleQS196" node="0|0|11|4"/>
				<i3dMapping id="BaleQS197" node="0|0|11|5"/>
				<i3dMapping id="BaleQS198" node="0|0|11|6"/>
				<i3dMapping id="BaleQS199" node="0|0|11|7"/>
				<i3dMapping id="BaleQS200" node="0|0|11|8"/>
				<i3dMapping id="BaleQS201" node="0|0|11|9"/>
				<i3dMapping id="BaleQS202" node="0|0|11|10"/>
				<i3dMapping id="BaleQS203" node="0|0|11|11"/>
				<i3dMapping id="BaleQS204" node="0|0|11|12"/>
				<i3dMapping id="BaleQS205" node="0|0|11|13"/>
				<i3dMapping id="BaleQS206" node="0|0|11|14"/>
				<i3dMapping id="BaleQS207" node="0|0|11|15"/>
				<i3dMapping id="BaleQS208" node="0|0|11|16"/>
				<i3dMapping id="BaleQS209" node="0|0|11|17"/>
				
				<i3dMapping id="BaleQH0" node="0|1|0|0"/>
				<i3dMapping id="BaleQH1" node="0|1|0|1"/>
				<i3dMapping id="BaleQH2" node="0|1|0|2"/>
				<i3dMapping id="BaleQH3" node="0|1|0|3"/>
				<i3dMapping id="BaleQH4" node="0|1|0|4"/>
				<i3dMapping id="BaleQH5" node="0|1|0|5"/>
				<i3dMapping id="BaleQH6" node="0|1|0|6"/>
				<i3dMapping id="BaleQH7" node="0|1|0|7"/>
				<i3dMapping id="BaleQH8" node="0|1|0|8"/>
				<i3dMapping id="BaleQH9" node="0|1|0|9"/>
				<i3dMapping id="BaleQH10" node="0|1|0|10"/>
				<i3dMapping id="BaleQH11" node="0|1|0|11"/>
				<i3dMapping id="BaleQH12" node="0|1|0|12"/>
				<i3dMapping id="BaleQH13" node="0|1|0|13"/>
				<i3dMapping id="BaleQH14" node="0|1|0|14"/>
				<i3dMapping id="BaleQH15" node="0|1|0|15"/>
				<i3dMapping id="BaleQH16" node="0|1|0|16"/>
				<i3dMapping id="BaleQH17" node="0|1|0|17"/>
				<i3dMapping id="BaleQH18" node="0|1|1|0"/>
				<i3dMapping id="BaleQH19" node="0|1|1|1"/>
				<i3dMapping id="BaleQH20" node="0|1|1|2"/>
				<i3dMapping id="BaleQH21" node="0|1|1|3"/>
				<i3dMapping id="BaleQH22" node="0|1|1|4"/>
				<i3dMapping id="BaleQH23" node="0|1|1|5"/>
				<i3dMapping id="BaleQH24" node="0|1|1|6"/>
				<i3dMapping id="BaleQH25" node="0|1|1|7"/>
				<i3dMapping id="BaleQH26" node="0|1|1|8"/>
				<i3dMapping id="BaleQH27" node="0|1|1|9"/>
				<i3dMapping id="BaleQH28" node="0|1|1|10"/>
				<i3dMapping id="BaleQH29" node="0|1|1|11"/>
				<i3dMapping id="BaleQH30" node="0|1|1|12"/>
				<i3dMapping id="BaleQH31" node="0|1|1|13"/>
				<i3dMapping id="BaleQH32" node="0|1|1|14"/>
				<i3dMapping id="BaleQH33" node="0|1|1|15"/>
				<i3dMapping id="BaleQH34" node="0|1|1|16"/>
				<i3dMapping id="BaleQH35" node="0|1|1|17"/>
				<i3dMapping id="BaleQH36" node="0|1|2|0"/>
				<i3dMapping id="BaleQH37" node="0|1|2|1"/>
				<i3dMapping id="BaleQH38" node="0|1|2|2"/>
				<i3dMapping id="BaleQH39" node="0|1|2|3"/>
				<i3dMapping id="BaleQH40" node="0|1|2|4"/>
				<i3dMapping id="BaleQH41" node="0|1|2|5"/>
				<i3dMapping id="BaleQH42" node="0|1|2|6"/>
				<i3dMapping id="BaleQH43" node="0|1|2|7"/>
				<i3dMapping id="BaleQH44" node="0|1|2|8"/>
				<i3dMapping id="BaleQH45" node="0|1|2|9"/>
				<i3dMapping id="BaleQH46" node="0|1|2|10"/>
				<i3dMapping id="BaleQH47" node="0|1|2|11"/>
				<i3dMapping id="BaleQH48" node="0|1|2|12"/>
				<i3dMapping id="BaleQH49" node="0|1|2|13"/>
				<i3dMapping id="BaleQH50" node="0|1|2|14"/>
				<i3dMapping id="BaleQH51" node="0|1|2|15"/>
				<i3dMapping id="BaleQH52" node="0|1|2|16"/>
				<i3dMapping id="BaleQH53" node="0|1|2|17"/>
				<i3dMapping id="BaleQH54" node="0|1|3|0"/>
				<i3dMapping id="BaleQH55" node="0|1|3|1"/>
				<i3dMapping id="BaleQH56" node="0|1|3|2"/>
				<i3dMapping id="BaleQH57" node="0|1|3|3"/>
				<i3dMapping id="BaleQH58" node="0|1|3|4"/>
				<i3dMapping id="BaleQH59" node="0|1|3|5"/>
				<i3dMapping id="BaleQH60" node="0|1|3|6"/>
				<i3dMapping id="BaleQH61" node="0|1|3|7"/>
				<i3dMapping id="BaleQH62" node="0|1|3|8"/>
				<i3dMapping id="BaleQH63" node="0|1|3|9"/>
				<i3dMapping id="BaleQH64" node="0|1|3|10"/>
				<i3dMapping id="BaleQH65" node="0|1|3|11"/>
				<i3dMapping id="BaleQH66" node="0|1|3|12"/>
				<i3dMapping id="BaleQH67" node="0|1|3|13"/>
				<i3dMapping id="BaleQH68" node="0|1|3|14"/>
				<i3dMapping id="BaleQH69" node="0|1|3|15"/>
				<i3dMapping id="BaleQH70" node="0|1|3|16"/>
				<i3dMapping id="BaleQH71" node="0|1|3|17"/>
				<i3dMapping id="BaleQH72" node="0|1|4|0"/>
				<i3dMapping id="BaleQH73" node="0|1|4|1"/>
				<i3dMapping id="BaleQH74" node="0|1|4|2"/>
				<i3dMapping id="BaleQH75" node="0|1|4|3"/>
				<i3dMapping id="BaleQH76" node="0|1|4|4"/>
				<i3dMapping id="BaleQH77" node="0|1|4|5"/>
				<i3dMapping id="BaleQH78" node="0|1|4|6"/>
				<i3dMapping id="BaleQH79" node="0|1|4|7"/>
				<i3dMapping id="BaleQH80" node="0|1|4|8"/>
				<i3dMapping id="BaleQH81" node="0|1|4|9"/>
				<i3dMapping id="BaleQH82" node="0|1|4|10"/>
				<i3dMapping id="BaleQH83" node="0|1|4|11"/>
				<i3dMapping id="BaleQH84" node="0|1|4|12"/>
				<i3dMapping id="BaleQH85" node="0|1|4|13"/>
				<i3dMapping id="BaleQH86" node="0|1|4|14"/>
				<i3dMapping id="BaleQH87" node="0|1|4|15"/>
				<i3dMapping id="BaleQH88" node="0|1|4|16"/>
				<i3dMapping id="BaleQH89" node="0|1|4|17"/>
				<i3dMapping id="BaleQH90" node="0|1|5|0"/>
				<i3dMapping id="BaleQH91" node="0|1|5|1"/>
				<i3dMapping id="BaleQH92" node="0|1|5|2"/>
				<i3dMapping id="BaleQH93" node="0|1|5|3"/>
				<i3dMapping id="BaleQH94" node="0|1|5|4"/>
				<i3dMapping id="BaleQH95" node="0|1|5|5"/>
				<i3dMapping id="BaleQH96" node="0|1|5|6"/>
				<i3dMapping id="BaleQH97" node="0|1|5|7"/>
				<i3dMapping id="BaleQH98" node="0|1|5|8"/>
				<i3dMapping id="BaleQH99" node="0|1|5|9"/>
				<i3dMapping id="BaleQH100" node="0|1|5|10"/>
				<i3dMapping id="BaleQH101" node="0|1|5|11"/>
				<i3dMapping id="BaleQH102" node="0|1|5|12"/>
				<i3dMapping id="BaleQH103" node="0|1|5|13"/>
				<i3dMapping id="BaleQH104" node="0|1|5|14"/>
				<i3dMapping id="BaleQH105" node="0|1|5|15"/>
				<i3dMapping id="BaleQH106" node="0|1|5|16"/>
				<i3dMapping id="BaleQH107" node="0|1|5|17"/>
				<i3dMapping id="BaleQH108" node="0|1|6|0"/>
				<i3dMapping id="BaleQH109" node="0|1|6|1"/>
				<i3dMapping id="BaleQH110" node="0|1|6|2"/>
				<i3dMapping id="BaleQH111" node="0|1|6|3"/>
				<i3dMapping id="BaleQH112" node="0|1|6|4"/>
				<i3dMapping id="BaleQH113" node="0|1|6|5"/>
				<i3dMapping id="BaleQH114" node="0|1|6|6"/>
				<i3dMapping id="BaleQH115" node="0|1|6|7"/>
				<i3dMapping id="BaleQH116" node="0|1|6|8"/>
				<i3dMapping id="BaleQH117" node="0|1|6|9"/>
				<i3dMapping id="BaleQH118" node="0|1|6|10"/>
				<i3dMapping id="BaleQH119" node="0|1|6|11"/>
				<i3dMapping id="BaleQH120" node="0|1|6|12"/>
				<i3dMapping id="BaleQH121" node="0|1|6|13"/>
				<i3dMapping id="BaleQH122" node="0|1|6|14"/>
				<i3dMapping id="BaleQH123" node="0|1|6|15"/>
				<i3dMapping id="BaleQH124" node="0|1|6|16"/>
				<i3dMapping id="BaleQH125" node="0|1|6|17"/>
				<i3dMapping id="BaleQH126" node="0|1|7|0"/>
				<i3dMapping id="BaleQH127" node="0|1|7|1"/>
				<i3dMapping id="BaleQH128" node="0|1|7|2"/>
				<i3dMapping id="BaleQH129" node="0|1|7|3"/>
				<i3dMapping id="BaleQH130" node="0|1|7|4"/>
				<i3dMapping id="BaleQH131" node="0|1|7|5"/>
				<i3dMapping id="BaleQH132" node="0|1|7|6"/>
				<i3dMapping id="BaleQH133" node="0|1|7|7"/>
				<i3dMapping id="BaleQH134" node="0|1|7|8"/>
				<i3dMapping id="BaleQH135" node="0|1|7|9"/>
				<i3dMapping id="BaleQH136" node="0|1|7|10"/>
				<i3dMapping id="BaleQH137" node="0|1|7|11"/>
				<i3dMapping id="BaleQH138" node="0|1|8|0"/>
				<i3dMapping id="BaleQH139" node="0|1|8|1"/>
				<i3dMapping id="BaleQH140" node="0|1|8|2"/>
				<i3dMapping id="BaleQH141" node="0|1|8|3"/>
				<i3dMapping id="BaleQH142" node="0|1|8|4"/>
				<i3dMapping id="BaleQH143" node="0|1|8|5"/>
				<i3dMapping id="BaleQH144" node="0|1|8|6"/>
				<i3dMapping id="BaleQH145" node="0|1|8|7"/>
				<i3dMapping id="BaleQH146" node="0|1|8|8"/>
				<i3dMapping id="BaleQH147" node="0|1|8|9"/>
				<i3dMapping id="BaleQH148" node="0|1|8|10"/>
				<i3dMapping id="BaleQH149" node="0|1|8|11"/>
				<i3dMapping id="BaleQH150" node="0|1|8|12"/>
				<i3dMapping id="BaleQH151" node="0|1|8|13"/>
				<i3dMapping id="BaleQH152" node="0|1|8|14"/>
				<i3dMapping id="BaleQH153" node="0|1|8|15"/>
				<i3dMapping id="BaleQH154" node="0|1|8|16"/>
				<i3dMapping id="BaleQH155" node="0|1|8|17"/>
				<i3dMapping id="BaleQH156" node="0|1|9|0"/>
				<i3dMapping id="BaleQH157" node="0|1|9|1"/>
				<i3dMapping id="BaleQH158" node="0|1|9|2"/>
				<i3dMapping id="BaleQH159" node="0|1|9|3"/>
				<i3dMapping id="BaleQH160" node="0|1|9|4"/>
				<i3dMapping id="BaleQH161" node="0|1|9|5"/>
				<i3dMapping id="BaleQH162" node="0|1|9|6"/>
				<i3dMapping id="BaleQH163" node="0|1|9|7"/>
				<i3dMapping id="BaleQH164" node="0|1|9|8"/>
				<i3dMapping id="BaleQH165" node="0|1|9|9"/>
				<i3dMapping id="BaleQH166" node="0|1|9|10"/>
				<i3dMapping id="BaleQH167" node="0|1|9|11"/>
				<i3dMapping id="BaleQH168" node="0|1|9|12"/>
				<i3dMapping id="BaleQH169" node="0|1|9|13"/>
				<i3dMapping id="BaleQH170" node="0|1|9|14"/>
				<i3dMapping id="BaleQH171" node="0|1|9|15"/>
				<i3dMapping id="BaleQH172" node="0|1|9|16"/>
				<i3dMapping id="BaleQH173" node="0|1|9|17"/>
				<i3dMapping id="BaleQH174" node="0|1|10|0"/>
				<i3dMapping id="BaleQH175" node="0|1|10|1"/>
				<i3dMapping id="BaleQH176" node="0|1|10|2"/>
				<i3dMapping id="BaleQH177" node="0|1|10|3"/>
				<i3dMapping id="BaleQH178" node="0|1|10|4"/>
				<i3dMapping id="BaleQH179" node="0|1|10|5"/>
				<i3dMapping id="BaleQH180" node="0|1|10|6"/>
				<i3dMapping id="BaleQH181" node="0|1|10|7"/>
				<i3dMapping id="BaleQH182" node="0|1|10|8"/>
				<i3dMapping id="BaleQH183" node="0|1|10|9"/>
				<i3dMapping id="BaleQH184" node="0|1|10|10"/>
				<i3dMapping id="BaleQH185" node="0|1|10|11"/>
				<i3dMapping id="BaleQH186" node="0|1|10|12"/>
				<i3dMapping id="BaleQH187" node="0|1|10|13"/>
				<i3dMapping id="BaleQH188" node="0|1|10|14"/>
				<i3dMapping id="BaleQH189" node="0|1|10|15"/>
				<i3dMapping id="BaleQH190" node="0|1|10|16"/>
				<i3dMapping id="BaleQH191" node="0|1|10|17"/>
				<i3dMapping id="BaleQH192" node="0|1|11|0"/>
				<i3dMapping id="BaleQH193" node="0|1|11|1"/>
				<i3dMapping id="BaleQH194" node="0|1|11|2"/>
				<i3dMapping id="BaleQH195" node="0|1|11|3"/>
				<i3dMapping id="BaleQH196" node="0|1|11|4"/>
				<i3dMapping id="BaleQH197" node="0|1|11|5"/>
				<i3dMapping id="BaleQH198" node="0|1|11|6"/>
				<i3dMapping id="BaleQH199" node="0|1|11|7"/>
				<i3dMapping id="BaleQH200" node="0|1|11|8"/>
				<i3dMapping id="BaleQH201" node="0|1|11|9"/>
				<i3dMapping id="BaleQH202" node="0|1|11|10"/>
				<i3dMapping id="BaleQH203" node="0|1|11|11"/>
				<i3dMapping id="BaleQH204" node="0|1|11|12"/>
				<i3dMapping id="BaleQH205" node="0|1|11|13"/>
				<i3dMapping id="BaleQH206" node="0|1|11|14"/>
				<i3dMapping id="BaleQH207" node="0|1|11|15"/>
				<i3dMapping id="BaleQH208" node="0|1|11|16"/>
				<i3dMapping id="BaleQH209" node="0|1|11|17"/>
				<i3dMapping id="exactFillRootNode1" node="1|0|0" />
				<i3dMapping id="exactFillRootNode1" node="1|1|0" />
    			<i3dMapping id="IN_Display1" node="1|0|1" />	
				<i3dMapping id="IN_Display2" node="1|1|1" />				

				<i3dMapping id="OP_Display1" node="2|1" />	
				<i3dMapping id="OP_Display2" node="2|2" />				
				<i3dMapping id="startH1" node="5|0" />
				<i3dMapping id="endH1" node="5|0|0" />
				<i3dMapping id="startH2" node="5|1" />
				<i3dMapping id="endH2" node="5|1|0" />
				<i3dMapping id="startH3" node="5|2" />
    			<i3dMapping id="endH3" node="5|2|0" />
				<i3dMapping id="startH4" node="5|3" />
				<i3dMapping id="endH4" node="5|3|0" />
				<i3dMapping id="startH5" node="5|4" />
				<i3dMapping id="endH5" node="5|4|0" />	
				<i3dMapping id="startH6" node="5|5" />
    			<i3dMapping id="endH6" node="5|5|0" />
				<i3dMapping id="startH7" node="5|6" />
				<i3dMapping id="endH7" node="5|6|0" />
				<i3dMapping id="startH8" node="5|7" />
				<i3dMapping id="endH8" node="5|7|0" />	
				<i3dMapping id="startH9" node="5|8" />
    			<i3dMapping id="endH9" node="5|8|0" />
				<i3dMapping id="PlayerTrigger1" node="3" />
				<i3dMapping id="PlayerTrigger2" node="11" />
				<i3dMapping id="beacon1" node="7" />
				<i3dMapping id="beacon2" node="13" />
				<i3dMapping id="trigger" node="2|0|0" />
				<i3dMapping id="startS1" node="12|0" />
				<i3dMapping id="endS1" node="12|0|0" />
				<i3dMapping id="startS2" node="12|1" />
				<i3dMapping id="endS2" node="12|1|0" />
				<i3dMapping id="startS3" node="12|2" />
    			<i3dMapping id="endS3" node="12|2|0" />
				<i3dMapping id="startS4" node="12|3" />
				<i3dMapping id="endS4" node="12|3|0" />
				<i3dMapping id="startS5" node="12|4" />
				<i3dMapping id="endS5" node="12|4|0" />	
				<i3dMapping id="startS6" node="12|5" />
    			<i3dMapping id="endS6" node="12|5|0" />
				<i3dMapping id="startS7" node="12|6" />
				<i3dMapping id="endS7" node="12|6|0" />
				<i3dMapping id="startS8" node="12|7" />
				<i3dMapping id="endS8" node="12|7|0" />	
				<i3dMapping id="startS9" node="12|8" />
    			<i3dMapping id="endS9" node="12|8|0" />
				<i3dMapping id="baleTrigger1" node="1|0|2" />
				<i3dMapping id="gui_camera" node="9"/>
				<i3dMapping id="baleTrigger2" node="1|1|2" />
			</i3dMappings>	
		</productionFactory>
	</productionFactories>			
</placeable>
