﻿<?xml version="1.0" encoding="utf-8" standalone="no" ?>
<placeable>
    <storeData>
        <name>
            <de>Ballenlager Quader Stroh </de>
            
        </name>
        <image>store_baleStorageQ_Straw_big.dds</image>
        <price>5000</price>
        <functions>
            <function>$l10n_function_baleStorageQ_Straw_big</function>
        </functions>
        <lifetime>1000</lifetime>
        <dailyUpkeep>0</dailyUpkeep>
        <canBeSold>true</canBeSold>
        <showInStore>true</showInStore>
        <rotation>0</rotation>
        <brand>HOTTOOLS</brand>
		<specs>
            <capacity>480000</capacity>
            <fillTypes>straw</fillTypes>
        </specs>
        <species>placeable</species>
        <category>HoT_baleStorages</category>
    </storeData>
	
	
    <placeableType>GC_ProductionFactoryPlaceable</placeableType>
    <filename>baleStorageQ_Straw_big.i3d</filename>
    <placement testSizeX="9" testSizeZ="16" sizeX="9" sizeZ="16" useRandomYRotation="false" useManualYRotation="true"/>
   
   <tipOcclusionUpdateArea sizeX="9" sizeZ="16" />	
	
	<clearAreas>
        <clearArea startIndex="5|0" widthIndex="5|1" heightIndex="5|2"/>
    </clearAreas>
	
	<leveling requireLeveling="true" maxSmoothDistance="5" maxSlope="30" maxEdgeAngle="20" >
        <levelAreas>
            <levelArea startNode="5|0" widthNode="5|1" heightNode="5|2" groundType="dirt"/>
        </levelAreas>
    </leveling>
	
    <triggerMarkers>
        <triggerMarker node="3" />
    </triggerMarkers>
    <seasons>
        <maskAreas>
            <maskArea startNode="7|0" widthNode="7|0|0" heightNode="7|0|1"/>
        </maskAreas>
    </seasons>
   
    <productionFactories>
		<productionFactory indexName="baleStorageQ_Straw_big" saveId="globalCompany_baleStorageQ_Straw_big">
			<guiInformation title="HoT_baleStorages_baleStorageQ_Straw_big_FactoryName" imageFilename="store_baleStorageQ_Straw_big.dds" description="HoT_baleStorages_baleStorageQ_Straw_big_FactoryDescription" cameraFeed="gui_camera" spawnTextOne="HoT_baleStorages_baleStorageQ_Straw_big_gui_spawnText1" spawnTextTwo="HoT_baleStorages_baleStorageQ_Straw_big_gui_spawnText2"/>
			
			<operation updateDelayMinutes="1" showInGlobalGUI="true" />
			
			<registerUnloadingTriggers>
				<unloadingTrigger name="UnloadingTriggerGrain" exactFillRootNode="exactFillRootNode"  baleTriggerNode="baleTrigger"/>
			</registerUnloadingTriggers>

			<registerLoadingTriggers>
				<loadingTrigger name="LoadingTrigger" triggerNode="trigger" fillLitersPerSecond="500" autoStart="false">
				</loadingTrigger>
			</registerLoadingTriggers>
			
			<registerInputProducts>				
				<inputProduct name="IP_GRAIN" capacity="60000" title="HoT_baleStorages_baleStorageQ_Straw_big_Input" > 
					<fillTypes>
						<fillType name="straw" />				
					</fillTypes>	
							
					<inputMethods>
						<unloadingTrigger name="UnloadingTriggerGrain"/>
					</inputMethods>						
				</inputProduct>
			</registerInputProducts>
			
			<registerOutputProducts>			
				<outputProduct name="OP_GRAIN" fillType="straw" capacity="480000" >
					<outputMethods>
						<loadingTrigger name="LoadingTrigger" />
						<objectSpawner capacity="4000" xmlFilename="$data/objects/buyableBales/buyableBales_straw.xml">
							<area startNode="startH1" endNode="endH1" />
							<area startNode="startH2" endNode="endH2" />
							<area startNode="startH3" endNode="endH3" />
							<area startNode="startH4" endNode="endH4" />
							<area startNode="startH5" endNode="endH5" />
							<area startNode="startH6" endNode="endH6" />
						</objectSpawner>
					</outputMethods>	
						<visibilityNodes>
							<nodeGroup hasChildCollisions="true">	
							<child node="BaleQH1" />
							<child node="BaleQH2" />
							<child node="BaleQH3" />
							<child node="BaleQH4" />
							<child node="BaleQH5" />
							<child node="BaleQH6" />
							<child node="BaleQH7" />
							<child node="BaleQH8" />
							<child node="BaleQH9" />
							<child node="BaleQH10" />
							<child node="BaleQH11" />
							<child node="BaleQH12" />
							<child node="BaleQH13" />
							<child node="BaleQH14" />
							<child node="BaleQH15" />
							<child node="BaleQH16" />
							<child node="BaleQH17" />
							<child node="BaleQH18" />
							<child node="BaleQH19" />
							<child node="BaleQH20" />
							<child node="BaleQH21" />
							<child node="BaleQH22" />
							<child node="BaleQH23" />
							<child node="BaleQH24" />
							<child node="BaleQH25" />
							<child node="BaleQH26" />
							<child node="BaleQH27" />
							<child node="BaleQH28" />
							<child node="BaleQH29" />
							<child node="BaleQH30" />
							<child node="BaleQH31" />
							<child node="BaleQH32" />
							<child node="BaleQH33" />
							<child node="BaleQH34" />
							<child node="BaleQH35" />
							<child node="BaleQH36" />
							<child node="BaleQH37" />
							<child node="BaleQH38" />
							<child node="BaleQH39" />
							<child node="BaleQH40" />
							<child node="BaleQH41" />
							<child node="BaleQH42" />
							<child node="BaleQH43" />
							<child node="BaleQH44" />
							<child node="BaleQH45" />
							<child node="BaleQH46" />
							<child node="BaleQH47" />
							<child node="BaleQH48" />
							<child node="BaleQH49" />
							<child node="BaleQH50" />
							<child node="BaleQH51" />
							<child node="BaleQH52" />
							<child node="BaleQH53" />
							<child node="BaleQH54" />
							<child node="BaleQH55" />
							<child node="BaleQH56" />
							<child node="BaleQH57" />
							<child node="BaleQH58" />
							<child node="BaleQH59" />
							<child node="BaleQH60" />
							<child node="BaleQH61" />
							<child node="BaleQH62" />
							<child node="BaleQH63" />
							<child node="BaleQH64" />
							<child node="BaleQH65" />
							<child node="BaleQH66" />
							<child node="BaleQH67" />
							<child node="BaleQH68" />
							<child node="BaleQH69" />
							<child node="BaleQH70" />
							<child node="BaleQH71" />
							<child node="BaleQH72" />
							<child node="BaleQH73" />
							<child node="BaleQH74" />
							<child node="BaleQH75" />
							<child node="BaleQH76" />
							<child node="BaleQH77" />
							<child node="BaleQH78" />
							<child node="BaleQH79" />
							<child node="BaleQH80" />
							<child node="BaleQH81" />
							<child node="BaleQH82" />
							<child node="BaleQH83" />
							<child node="BaleQH84" />
							<child node="BaleQH85" />
							<child node="BaleQH86" />
							<child node="BaleQH87" />
							<child node="BaleQH88" />
							<child node="BaleQH89" />
							<child node="BaleQH90" />
							<child node="BaleQH91" />
							<child node="BaleQH92" />
							<child node="BaleQH93" />
							<child node="BaleQH94" />
							<child node="BaleQH95" />
							<child node="BaleQH96" />
							<child node="BaleQH97" />
							<child node="BaleQH98" />
							<child node="BaleQH99" />
							<child node="BaleQH100" />
							<child node="BaleQH101" />
							<child node="BaleQH102" />
							<child node="BaleQH103" />
							<child node="BaleQH104" />
							<child node="BaleQH105" />
							<child node="BaleQH106" />
							<child node="BaleQH107" />
							<child node="BaleQH108" />
							<child node="BaleQH109" />
							<child node="BaleQH110" />
							<child node="BaleQH111" />
							<child node="BaleQH112" />
							<child node="BaleQH113" />
							<child node="BaleQH114" />
							<child node="BaleQH115" />
							<child node="BaleQH116" />
							<child node="BaleQH117" />
							<child node="BaleQH118" />
							<child node="BaleQH119" />
							<child node="BaleQH120" />
						</nodeGroup>
					</visibilityNodes>
				</outputProduct>
			</registerOutputProducts>
			<productLines>
				<productLine autoLineStart="true" outputPerHour="40000000" title="HoT_baleStorages_baleStorageQ_Straw_big_productLine" showInGUI="true">
					<inputs>
						<inputProduct name="IP_GRAIN" percent="100" />	
					</inputs>					
					<outputs>
						<outputProduct name="OP_GRAIN" percent="100" />				
					</outputs>					
					<playerTrigger playerTriggerNode="PlayerTrigger" showPopupUI="true"/>					
				</productLine>
			</productLines>	
			
			<i3dMappings>
				<i3dMapping id="BaleQH1" node="9|0|0"/>
				<i3dMapping id="BaleQH2" node="9|0|1"/>
				<i3dMapping id="BaleQH3" node="9|0|2"/>
				<i3dMapping id="BaleQH4" node="9|0|3"/>
				<i3dMapping id="BaleQH5" node="9|0|4"/>
				<i3dMapping id="BaleQH6" node="9|0|5"/>
				<i3dMapping id="BaleQH7" node="9|0|6"/>
				<i3dMapping id="BaleQH8" node="9|0|7"/>
				<i3dMapping id="BaleQH9" node="9|0|8"/>
				<i3dMapping id="BaleQH10" node="9|0|9"/>
				<i3dMapping id="BaleQH11" node="9|0|10"/>
				<i3dMapping id="BaleQH12" node="9|0|11"/>
				<i3dMapping id="BaleQH13" node="9|0|12"/>
				<i3dMapping id="BaleQH14" node="9|0|13"/>
				<i3dMapping id="BaleQH15" node="9|0|14"/>
				<i3dMapping id="BaleQH16" node="9|0|15"/>
				<i3dMapping id="BaleQH17" node="9|0|16"/>
				<i3dMapping id="BaleQH18" node="9|0|17"/>
				<i3dMapping id="BaleQH19" node="9|0|18"/>
				<i3dMapping id="BaleQH20" node="9|0|19"/>
				<i3dMapping id="BaleQH21" node="9|0|20"/>
				<i3dMapping id="BaleQH22" node="9|0|21"/>
				<i3dMapping id="BaleQH23" node="9|0|22"/>
				<i3dMapping id="BaleQH24" node="9|0|23"/>
				<i3dMapping id="BaleQH25" node="9|1|0"/>
				<i3dMapping id="BaleQH26" node="9|1|1"/>
				<i3dMapping id="BaleQH27" node="9|1|2"/>
				<i3dMapping id="BaleQH28" node="9|1|3"/>
				<i3dMapping id="BaleQH29" node="9|1|4"/>
				<i3dMapping id="BaleQH30" node="9|1|5"/>
				<i3dMapping id="BaleQH31" node="9|1|6"/>
				<i3dMapping id="BaleQH32" node="9|1|7"/>
				<i3dMapping id="BaleQH33" node="9|1|8"/>
				<i3dMapping id="BaleQH34" node="9|1|9"/>
				<i3dMapping id="BaleQH35" node="9|1|10"/>
				<i3dMapping id="BaleQH36" node="9|1|11"/>
				<i3dMapping id="BaleQH37" node="9|1|12"/>
				<i3dMapping id="BaleQH38" node="9|1|13"/>
				<i3dMapping id="BaleQH39" node="9|1|14"/>
				<i3dMapping id="BaleQH40" node="9|1|15"/>
				<i3dMapping id="BaleQH41" node="9|1|16"/>
				<i3dMapping id="BaleQH42" node="9|1|17"/>
				<i3dMapping id="BaleQH43" node="9|1|18"/>
				<i3dMapping id="BaleQH44" node="9|1|19"/>
				<i3dMapping id="BaleQH45" node="9|1|20"/>
				<i3dMapping id="BaleQH46" node="9|1|21"/>
				<i3dMapping id="BaleQH47" node="9|1|22"/>
				<i3dMapping id="BaleQH48" node="9|1|23"/>
				<i3dMapping id="BaleQH49" node="9|2|0"/>
				<i3dMapping id="BaleQH50" node="9|2|1"/>
				<i3dMapping id="BaleQH51" node="9|2|2"/>
				<i3dMapping id="BaleQH52" node="9|2|3"/>
				<i3dMapping id="BaleQH53" node="9|2|4"/>
				<i3dMapping id="BaleQH54" node="9|2|5"/>
				<i3dMapping id="BaleQH55" node="9|2|6"/>
				<i3dMapping id="BaleQH56" node="9|2|7"/>
				<i3dMapping id="BaleQH57" node="9|2|8"/>
				<i3dMapping id="BaleQH58" node="9|2|9"/>
				<i3dMapping id="BaleQH59" node="9|2|10"/>
				<i3dMapping id="BaleQH60" node="9|2|11"/>
				<i3dMapping id="BaleQH61" node="9|2|12"/>
				<i3dMapping id="BaleQH62" node="9|2|13"/>
				<i3dMapping id="BaleQH63" node="9|2|14"/>
				<i3dMapping id="BaleQH64" node="9|2|15"/>
				<i3dMapping id="BaleQH65" node="9|2|16"/>
				<i3dMapping id="BaleQH66" node="9|2|17"/>
				<i3dMapping id="BaleQH67" node="9|2|18"/>
				<i3dMapping id="BaleQH68" node="9|2|19"/>
				<i3dMapping id="BaleQH69" node="9|2|20"/>
				<i3dMapping id="BaleQH70" node="9|2|21"/>
				<i3dMapping id="BaleQH71" node="9|2|22"/>
				<i3dMapping id="BaleQH72" node="9|2|23"/>
				<i3dMapping id="BaleQH73" node="9|3|0"/>
				<i3dMapping id="BaleQH74" node="9|3|1"/>
				<i3dMapping id="BaleQH75" node="9|3|2"/>
				<i3dMapping id="BaleQH76" node="9|3|3"/>
				<i3dMapping id="BaleQH77" node="9|3|4"/>
				<i3dMapping id="BaleQH78" node="9|3|5"/>
				<i3dMapping id="BaleQH79" node="9|3|6"/>
				<i3dMapping id="BaleQH80" node="9|3|7"/>
				<i3dMapping id="BaleQH81" node="9|3|8"/>
				<i3dMapping id="BaleQH82" node="9|3|9"/>
				<i3dMapping id="BaleQH83" node="9|3|10"/>
				<i3dMapping id="BaleQH84" node="9|3|11"/>
				<i3dMapping id="BaleQH85" node="9|3|12"/>
				<i3dMapping id="BaleQH86" node="9|3|13"/>
				<i3dMapping id="BaleQH87" node="9|3|14"/>
				<i3dMapping id="BaleQH88" node="9|3|15"/>
				<i3dMapping id="BaleQH89" node="9|3|16"/>
				<i3dMapping id="BaleQH90" node="9|3|17"/>
				<i3dMapping id="BaleQH91" node="9|3|18"/>
				<i3dMapping id="BaleQH92" node="9|3|19"/>
				<i3dMapping id="BaleQH93" node="9|3|20"/>
				<i3dMapping id="BaleQH94" node="9|3|21"/>
				<i3dMapping id="BaleQH95" node="9|3|22"/>
				<i3dMapping id="BaleQH96" node="9|3|23"/>
				<i3dMapping id="BaleQH97" node="9|4|0"/>
				<i3dMapping id="BaleQH98" node="9|4|1"/>
				<i3dMapping id="BaleQH99" node="9|4|2"/>
				<i3dMapping id="BaleQH100" node="9|4|3"/>
				<i3dMapping id="BaleQH101" node="9|4|4"/>
				<i3dMapping id="BaleQH102" node="9|4|5"/>
				<i3dMapping id="BaleQH103" node="9|4|6"/>
				<i3dMapping id="BaleQH104" node="9|4|7"/>
				<i3dMapping id="BaleQH105" node="9|4|8"/>
				<i3dMapping id="BaleQH106" node="9|4|9"/>
				<i3dMapping id="BaleQH107" node="9|4|10"/>
				<i3dMapping id="BaleQH108" node="9|4|11"/>
				<i3dMapping id="BaleQH109" node="9|4|12"/>
				<i3dMapping id="BaleQH110" node="9|4|13"/>
				<i3dMapping id="BaleQH111" node="9|4|14"/>
				<i3dMapping id="BaleQH112" node="9|4|15"/>
				<i3dMapping id="BaleQH113" node="9|4|16"/>
				<i3dMapping id="BaleQH114" node="9|4|17"/>
				<i3dMapping id="BaleQH115" node="9|4|18"/>
				<i3dMapping id="BaleQH116" node="9|4|19"/>
				<i3dMapping id="BaleQH117" node="9|4|20"/>
				<i3dMapping id="BaleQH118" node="9|4|21"/>
				<i3dMapping id="BaleQH119" node="9|4|22"/>
				<i3dMapping id="BaleQH120" node="9|4|23"/>

				<i3dMapping id="exactFillRootNode" node="0|0|0" />
		
				<i3dMapping id="startH1" node="4|0" />
				<i3dMapping id="endH1" node="4|0|0" />
				<i3dMapping id="startH2" node="4|1" />
				<i3dMapping id="endH2" node="4|1|0" />
				<i3dMapping id="startH3" node="4|2" />
    			<i3dMapping id="endH3" node="4|2|0" />
				<i3dMapping id="startH4" node="4|3" />
				<i3dMapping id="endH4" node="4|3|0" />
				<i3dMapping id="startH5" node="4|4" />
				<i3dMapping id="endH5" node="4|4|0" />	
				<i3dMapping id="startH6" node="4|5" />
    			<i3dMapping id="endH6" node="4|5|0" />

				<i3dMapping id="PlayerTrigger" node="2" />


				<i3dMapping id="trigger" node="1|0|0" />
				<i3dMapping id="baleTrigger" node="0|0|2" />
				<i3dMapping id="gui_camera" node="7"/>

			</i3dMappings>	
		</productionFactory>
	</productionFactories>			
</placeable>
