﻿<?xml version="1.0" encoding="utf-8" standalone="no" ?>
<placeable>
    <storeData>
        <name>
            <de>Heu Rundballen Lager </de>
            
        </name>
        <image>store_baleStorageR_Hay_big.dds</image>
        <price>5000</price>
        <functions>
            <function>$l10n_function_baleStorageR_Hay_big</function>
        </functions>
        <lifetime>1000</lifetime>
        <dailyUpkeep>0</dailyUpkeep>
        <canBeSold>true</canBeSold>
        <showInStore>true</showInStore>
        <rotation>0</rotation>
        <brand>HOTTOOLS</brand>
		<specs>
            <capacity>504000</capacity>
            <fillTypes>dryGrass_windrow</fillTypes>
        </specs>
        <species>placeable</species>
        <category>HoT_baleStorages</category>
    </storeData>
	
	
    <placeableType>GC_ProductionFactoryPlaceable</placeableType>
    <filename>baleStorageR_Hay_big.i3d</filename>
    <placement testSizeX="9" testSizeZ="16.0" sizeX="9" sizeZ="16" useRandomYRotation="false" useManualYRotation="true"/>
   
   <tipOcclusionUpdateArea sizeX="9" sizeZ="16" />	
	
	<clearAreas>
        <clearArea startIndex="5|0" widthIndex="5|1" heightIndex="5|2"/>
    </clearAreas>
	
	<leveling requireLeveling="true" maxSmoothDistance="5" maxSlope="30" maxEdgeAngle="20" >
        <levelAreas>
            <levelArea startNode="5|0" widthNode="5|1" heightNode="5|2" groundType="dirt"/>
        </levelAreas>
    </leveling>
	
    <triggerMarkers>
        <triggerMarker node="3" />
    </triggerMarkers>
    <seasons>
        <maskAreas>
            <maskArea startNode="7|0" widthNode="7|0|0" heightNode="7|0|1"/>
        </maskAreas>
    </seasons>
   
    <productionFactories>
		<productionFactory indexName="baleStorageR_Hay_big" saveId="globalCompany_baleStorageR_Hay_big">
			<guiInformation title="HoT_baleStorages_baleStorageR_Hay_big_FactoryName" imageFilename="store_baleStorageR_Hay_big.dds" description="HoT_baleStorages_baleStorageR_Hay_big_FactoryDescription" cameraFeed="gui_camera" spawnTextOne="HoT_baleStorages_baleStorageR_Hay_big_gui_spawnText1" spawnTextTwo="HoT_baleStorages_baleStorageR_Hay_big_gui_spawnText2"/>
			
			<operation updateDelayMinutes="1" showInGlobalGUI="true" />
			
			<registerUnloadingTriggers>
				<unloadingTrigger name="UnloadingTriggerGrain" exactFillRootNode="exactFillRootNode" baleTriggerNode="baleTrigger"/>
			</registerUnloadingTriggers>

			<registerLoadingTriggers>
				<loadingTrigger name="LoadingTrigger" triggerNode="trigger" fillLitersPerSecond="500" autoStart="false">
				</loadingTrigger>
			</registerLoadingTriggers>
			
			<registerInputProducts>				
				<inputProduct name="IP_GRAIN" capacity="60000" title="HoT_baleStorages_baleStorageR_Hay_big_Input" > 
					<fillTypes>
						<fillType name="dryGrass_windrow" />
						
					</fillTypes>
					
					
					
					<inputMethods>
						<unloadingTrigger name="UnloadingTriggerGrain"/>
					</inputMethods>						
				</inputProduct>
			</registerInputProducts>
			
			<registerOutputProducts>
				
				<outputProduct name="OP_GRAIN" fillType="dryGrass_windrow" capacity="504000" >
					<outputMethods>
						<loadingTrigger name="LoadingTrigger" />
						<objectSpawner capacity="4000" xmlFilename="$data/objects/buyableBales/buyableBales_dryGrassRound.xml">
							<area startNode="startH1" endNode="endH1" />
							<area startNode="startH2" endNode="endH2" />
							<area startNode="startH3" endNode="endH3" />
							<area startNode="startH4" endNode="endH4" />
							<area startNode="startH5" endNode="endH5" />
							<area startNode="startH6" endNode="endH6" />
						</objectSpawner>
					</outputMethods>	
						<visibilityNodes>
							<nodeGroup hasChildCollisions="true">											
							<child node="BaleRH1" />
							<child node="BaleRH2" />
							<child node="BaleRH3" />
							<child node="BaleRH4" />
							<child node="BaleRH5" />
							<child node="BaleRH6" />
							<child node="BaleRH7" />
							<child node="BaleRH8" />
							<child node="BaleRH9" />
							<child node="BaleRH10" />
							<child node="BaleRH11" />
							<child node="BaleRH12" />
							<child node="BaleRH13" />
							<child node="BaleRH14" />
							<child node="BaleRH15" />
							<child node="BaleRH16" />
							<child node="BaleRH17" />
							<child node="BaleRH18" />
							<child node="BaleRH19" />
							<child node="BaleRH20" />
							<child node="BaleRH21" />
							<child node="BaleRH22" />
							<child node="BaleRH23" />
							<child node="BaleRH24" />
							<child node="BaleRH25" />
							<child node="BaleRH26" />
							<child node="BaleRH27" />
							<child node="BaleRH28" />
							<child node="BaleRH29" />
							<child node="BaleRH30" />
							<child node="BaleRH31" />
							<child node="BaleRH32" />
							<child node="BaleRH33" />
							<child node="BaleRH34" />
							<child node="BaleRH35" />
							<child node="BaleRH36" />
							<child node="BaleRH37" />
							<child node="BaleRH38" />
							<child node="BaleRH39" />
							<child node="BaleRH40" />
							<child node="BaleRH41" />
							<child node="BaleRH42" />
							<child node="BaleRH43" />
							<child node="BaleRH44" />
							<child node="BaleRH45" />
							<child node="BaleRH46" />
							<child node="BaleRH47" />
							<child node="BaleRH48" />
							<child node="BaleRH49" />
							<child node="BaleRH50" />
							<child node="BaleRH51" />
							<child node="BaleRH52" />
							<child node="BaleRH53" />
							<child node="BaleRH54" />
							<child node="BaleRH55" />
							<child node="BaleRH56" />
							<child node="BaleRH57" />
							<child node="BaleRH58" />
							<child node="BaleRH59" />
							<child node="BaleRH60" />
							<child node="BaleRH61" />
							<child node="BaleRH62" />
							<child node="BaleRH63" />
							<child node="BaleRH64" />
							<child node="BaleRH65" />
							<child node="BaleRH66" />
							<child node="BaleRH67" />
							<child node="BaleRH68" />
							<child node="BaleRH69" />
							<child node="BaleRH70" />
							<child node="BaleRH71" />
							<child node="BaleRH72" />
							<child node="BaleRH73" />
							<child node="BaleRH74" />
							<child node="BaleRH75" />
							<child node="BaleRH76" />
							<child node="BaleRH77" />
							<child node="BaleRH78" />
							<child node="BaleRH79" />
							<child node="BaleRH80" />
							<child node="BaleRH81" />
							<child node="BaleRH82" />
							<child node="BaleRH83" />
							<child node="BaleRH84" />
							<child node="BaleRH85" />
							<child node="BaleRH86" />
							<child node="BaleRH87" />
							<child node="BaleRH88" />
							<child node="BaleRH89" />
							<child node="BaleRH90" />
							<child node="BaleRH91" />
							<child node="BaleRH92" />
							<child node="BaleRH93" />
							<child node="BaleRH94" />
							<child node="BaleRH95" />
							<child node="BaleRH96" />
							<child node="BaleRH97" />
							<child node="BaleRH98" />
							<child node="BaleRH99" />
							<child node="BaleRH100" />
							<child node="BaleRH101" />
							<child node="BaleRH102" />
							<child node="BaleRH103" />
							<child node="BaleRH104" />
							<child node="BaleRH105" />
							<child node="BaleRH106" />
							<child node="BaleRH107" />
							<child node="BaleRH108" />
							<child node="BaleRH109" />
							<child node="BaleRH110" />
							<child node="BaleRH111" />
							<child node="BaleRH112" />
							<child node="BaleRH113" />
							<child node="BaleRH114" />
							<child node="BaleRH115" />
							<child node="BaleRH116" />
							<child node="BaleRH117" />
							<child node="BaleRH118" />
							<child node="BaleRH119" />
							<child node="BaleRH120" />
							<child node="BaleRH121" />
							<child node="BaleRH122" />
							<child node="BaleRH123" />
							<child node="BaleRH124" />
							<child node="BaleRH125" />
							<child node="BaleRH126" />
							
						</nodeGroup>
					</visibilityNodes>
				</outputProduct>							
			</registerOutputProducts>
			
			<productLines>
				<productLine autoLineStart="true" outputPerHour="40000000" title="HoT_baleStorages_baleStorageR_Hay_big_productLine" showInGUI="true">
					<inputs>
						<inputProduct name="IP_GRAIN" percent="100" />	
					</inputs>					
					<outputs>
						<outputProduct name="OP_GRAIN" percent="100" />				
					</outputs>					
					<playerTrigger playerTriggerNode="PlayerTrigger" showPopupUI="true"/>					
				</productLine>
			</productLines>	
			
			<i3dMappings>
				    <i3dMapping id="BaleRH1" node="8|0|0|0"/>
					<i3dMapping id="BaleRH2" node="8|0|0|1"/>
					<i3dMapping id="BaleRH3" node="8|0|0|2"/>
					<i3dMapping id="BaleRH4" node="8|0|0|3"/>
					<i3dMapping id="BaleRH5" node="8|0|0|4"/>
					<i3dMapping id="BaleRH6" node="8|0|0|5"/>
					<i3dMapping id="BaleRH7" node="8|0|0|6"/>
					<i3dMapping id="BaleRH8" node="8|0|0|7"/>
					<i3dMapping id="BaleRH9" node="8|0|0|8"/>
					<i3dMapping id="BaleRH10" node="8|0|0|9"/>
					<i3dMapping id="BaleRH11" node="8|0|0|10"/>
					<i3dMapping id="BaleRH12" node="8|0|0|11"/>
					<i3dMapping id="BaleRH13" node="8|0|0|12"/>
					<i3dMapping id="BaleRH14" node="8|0|0|13"/>
					<i3dMapping id="BaleRH15" node="8|0|1|0"/>
					<i3dMapping id="BaleRH16" node="8|0|1|1"/>
					<i3dMapping id="BaleRH17" node="8|0|1|2"/>
					<i3dMapping id="BaleRH18" node="8|0|1|3"/>
					<i3dMapping id="BaleRH19" node="8|0|1|4"/>
					<i3dMapping id="BaleRH20" node="8|0|1|5"/>
					<i3dMapping id="BaleRH21" node="8|0|1|6"/>
					<i3dMapping id="BaleRH22" node="8|0|1|7"/>
					<i3dMapping id="BaleRH23" node="8|0|1|8"/>
					<i3dMapping id="BaleRH24" node="8|0|1|9"/>
					<i3dMapping id="BaleRH25" node="8|0|1|10"/>
					<i3dMapping id="BaleRH26" node="8|0|1|11"/>
					<i3dMapping id="BaleRH27" node="8|0|1|12"/>
					<i3dMapping id="BaleRH28" node="8|0|1|13"/>
				    <i3dMapping id="BaleRH29" node="8|0|2|0"/>
					<i3dMapping id="BaleRH30" node="8|0|2|1"/>
					<i3dMapping id="BaleRH31" node="8|0|2|2"/>
					<i3dMapping id="BaleRH32" node="8|0|2|3"/>
					<i3dMapping id="BaleRH33" node="8|0|2|4"/>
					<i3dMapping id="BaleRH34" node="8|0|2|5"/>
					<i3dMapping id="BaleRH35" node="8|0|2|6"/>
					<i3dMapping id="BaleRH36" node="8|0|2|7"/>
					<i3dMapping id="BaleRH37" node="8|0|2|8"/>
					<i3dMapping id="BaleRH38" node="8|0|2|9"/>
					<i3dMapping id="BaleRH39" node="8|0|2|10"/>
					<i3dMapping id="BaleRH40" node="8|0|2|11"/>
					<i3dMapping id="BaleRH41" node="8|0|2|12"/>
					<i3dMapping id="BaleRH42" node="8|0|2|13"/>
					<i3dMapping id="BaleRH43" node="8|0|3|0"/>
					<i3dMapping id="BaleRH44" node="8|0|3|1"/>
					<i3dMapping id="BaleRH45" node="8|0|3|2"/>
					<i3dMapping id="BaleRH46" node="8|0|3|3"/>
					<i3dMapping id="BaleRH47" node="8|0|3|4"/>
					<i3dMapping id="BaleRH48" node="8|0|3|5"/>
					<i3dMapping id="BaleRH49" node="8|0|3|6"/>
					<i3dMapping id="BaleRH50" node="8|0|3|7"/>
					<i3dMapping id="BaleRH51" node="8|0|3|8"/>
					<i3dMapping id="BaleRH52" node="8|0|3|9"/>
					<i3dMapping id="BaleRH53" node="8|0|3|10"/>
					<i3dMapping id="BaleRH54" node="8|0|3|11"/>
					<i3dMapping id="BaleRH55" node="8|0|3|12"/>
					<i3dMapping id="BaleRH56" node="8|0|3|13"/>
					<i3dMapping id="BaleRH57" node="8|0|4|0"/>
					<i3dMapping id="BaleRH58" node="8|0|4|1"/>
					<i3dMapping id="BaleRH59" node="8|0|4|2"/>
					<i3dMapping id="BaleRH60" node="8|0|4|3"/>
					<i3dMapping id="BaleRH61" node="8|0|4|4"/>
					<i3dMapping id="BaleRH62" node="8|0|4|5"/>
					<i3dMapping id="BaleRH63" node="8|0|4|6"/>
					<i3dMapping id="BaleRH64" node="8|0|4|7"/>
					<i3dMapping id="BaleRH65" node="8|0|4|8"/>
					<i3dMapping id="BaleRH66" node="8|0|4|9"/>
					<i3dMapping id="BaleRH67" node="8|0|4|10"/>
					<i3dMapping id="BaleRH68" node="8|0|4|11"/>
					<i3dMapping id="BaleRH69" node="8|0|4|12"/>
					<i3dMapping id="BaleRH70" node="8|0|4|13"/>
					<i3dMapping id="BaleRH71" node="8|0|5|0"/>
					<i3dMapping id="BaleRH72" node="8|0|5|1"/>
					<i3dMapping id="BaleRH73" node="8|0|5|2"/>
					<i3dMapping id="BaleRH74" node="8|0|5|3"/>
					<i3dMapping id="BaleRH75" node="8|0|5|4"/>
					<i3dMapping id="BaleRH76" node="8|0|5|5"/>
					<i3dMapping id="BaleRH77" node="8|0|5|6"/>
					<i3dMapping id="BaleRH78" node="8|0|5|7"/>
					<i3dMapping id="BaleRH79" node="8|0|5|8"/>
					<i3dMapping id="BaleRH80" node="8|0|5|9"/>
					<i3dMapping id="BaleRH81" node="8|0|5|10"/>
					<i3dMapping id="BaleRH82" node="8|0|5|11"/>
					<i3dMapping id="BaleRH83" node="8|0|5|12"/>
					<i3dMapping id="BaleRH84" node="8|0|5|13"/>
					<i3dMapping id="BaleRH85" node="8|0|6|0"/>
					<i3dMapping id="BaleRH86" node="8|0|6|1"/>
					<i3dMapping id="BaleRH87" node="8|0|6|2"/>
					<i3dMapping id="BaleRH88" node="8|0|6|3"/>
					<i3dMapping id="BaleRH89" node="8|0|6|4"/>
					<i3dMapping id="BaleRH90" node="8|0|6|5"/>
					<i3dMapping id="BaleRH91" node="8|0|6|6"/>
					<i3dMapping id="BaleRH92" node="8|0|6|7"/>
					<i3dMapping id="BaleRH93" node="8|0|6|8"/>
					<i3dMapping id="BaleRH94" node="8|0|6|9"/>
					<i3dMapping id="BaleRH95" node="8|0|6|10"/>
					<i3dMapping id="BaleRH96" node="8|0|6|11"/>
					<i3dMapping id="BaleRH97" node="8|0|6|12"/>
					<i3dMapping id="BaleRH98" node="8|0|6|13"/>
					<i3dMapping id="BaleRH99" node="8|0|7|0"/>
					<i3dMapping id="BaleRH100" node="8|0|7|1"/>
					<i3dMapping id="BaleRH101" node="8|0|7|2"/>
					<i3dMapping id="BaleRH102" node="8|0|7|3"/>
					<i3dMapping id="BaleRH103" node="8|0|7|4"/>
					<i3dMapping id="BaleRH104" node="8|0|7|5"/>
					<i3dMapping id="BaleRH105" node="8|0|7|6"/>
					<i3dMapping id="BaleRH106" node="8|0|7|7"/>
					<i3dMapping id="BaleRH107" node="8|0|7|8"/>
					<i3dMapping id="BaleRH108" node="8|0|7|9"/>
					<i3dMapping id="BaleRH109" node="8|0|7|10"/>
					<i3dMapping id="BaleRH110" node="8|0|7|11"/>
					<i3dMapping id="BaleRH111" node="8|0|7|12"/>
					<i3dMapping id="BaleRH112" node="8|0|7|13"/>
					<i3dMapping id="BaleRH113" node="8|0|8|0"/>
					<i3dMapping id="BaleRH114" node="8|0|8|1"/>
					<i3dMapping id="BaleRH115" node="8|0|8|2"/>
					<i3dMapping id="BaleRH116" node="8|0|8|3"/>
					<i3dMapping id="BaleRH117" node="8|0|8|4"/>
					<i3dMapping id="BaleRH118" node="8|0|8|5"/>
					<i3dMapping id="BaleRH119" node="8|0|8|6"/>
					<i3dMapping id="BaleRH120" node="8|0|8|7"/>
					<i3dMapping id="BaleRH121" node="8|0|8|8"/>
					<i3dMapping id="BaleRH122" node="8|0|8|9"/>
					<i3dMapping id="BaleRH123" node="8|0|8|10"/>
					<i3dMapping id="BaleRH124" node="8|0|8|11"/>
					<i3dMapping id="BaleRH125" node="8|0|8|12"/>
					<i3dMapping id="BaleRH126" node="8|0|8|13"/>

				<i3dMapping id="exactFillRootNode" node="0|0|0" />			
				<i3dMapping id="startH1" node="4|0" />
				<i3dMapping id="endH1" node="4|0|0" />
				<i3dMapping id="startH2" node="4|1" />
				<i3dMapping id="endH2" node="4|1|0" />
				<i3dMapping id="startH3" node="4|2" />
    			<i3dMapping id="endH3" node="4|2|0" />
				<i3dMapping id="startH4" node="4|3" />
				<i3dMapping id="endH4" node="4|3|0" />
				<i3dMapping id="startH5" node="4|4" />
				<i3dMapping id="endH5" node="4|4|0" />	
				<i3dMapping id="startH6" node="4|5" />
    			<i3dMapping id="endH6" node="4|5|0" />
				<i3dMapping id="PlayerTrigger" node="2" />
				<i3dMapping id="trigger" node="1|0|0" />
				<i3dMapping id="baleTrigger" node="0|0|2" />
				<i3dMapping id="gui_camera" node="6"/>
			</i3dMappings>	
		</productionFactory>
	</productionFactories>			
</placeable>
