﻿<?xml version="1.0" encoding="utf-8" standalone="no" ?>
<placeable>
    <storeData>
        <name>
            <de>Ballenlager Quader Silage (klein)</de>
            
        </name>
        <image>store_baleStorageQ_S_small.dds</image>
        <price>2500</price>
        <functions>
            <function>$l10n_function_baleStorageQ_S_small</function>
        </functions>
        <lifetime>1000</lifetime>
        <dailyUpkeep>0</dailyUpkeep>
        <canBeSold>true</canBeSold>
        <showInStore>true</showInStore>
        <rotation>0</rotation>
        <brand>HOTTOOLS</brand>
		<specs>
            <capacity>120000</capacity>
            <fillTypes>Silage</fillTypes>
        </specs>
        <species>placeable</species>
        <category>HoT_baleStorages</category>
    </storeData>
	
	
    <placeableType>GC_ProductionFactoryPlaceable</placeableType>
    <filename>baleStorageQ_S_small.i3d</filename>
    <placement testSizeX="6" testSizeZ="16" sizeX="6" sizeZ="16" useRandomYRotation="false" useManualYRotation="true"/>
   
   <tipOcclusionUpdateArea sizeX="6" sizeZ="16" />	
	
	<clearAreas>
        <clearArea startIndex="5|0" widthIndex="5|1" heightIndex="5|2"/>
    </clearAreas>
	
	<leveling requireLeveling="true" maxSmoothDistance="5" maxSlope="30" maxEdgeAngle="20" >
        <levelAreas>
            <levelArea startNode="5|0" widthNode="5|1" heightNode="5|2" groundType="dirt"/>
        </levelAreas>
    </leveling>
	
    <triggerMarkers>
        <triggerMarker node="3" />
    </triggerMarkers>
    <seasons>
        <maskAreas>
            <maskArea startNode="7|0" widthNode="7|0|0" heightNode="7|0|1"/>
        </maskAreas>
    </seasons>
   
    <productionFactories>
		<productionFactory indexName="baleStorageQ_S_small" saveId="globalCompany_baleStorageQ_S_small">
			<guiInformation title="HoT_baleStorages_baleStorageQ_S_small_FactoryName" imageFilename="store_baleStorageQ_S_small.dds" description="HoT_baleStorages_baleStorageQ_S_small_FactoryDescription" cameraFeed="gui_camera" spawnTextOne="HoT_baleStorages_baleStorageQ_S_small_gui_spawnText1" spawnTextTwo="HoT_baleStorages_baleStorageQ_S_small_gui_spawnText2"/>
			
			<operation updateDelayMinutes="1" showInGlobalGUI="true" />
			
			<registerUnloadingTriggers>
				<unloadingTrigger name="UnloadingTriggerGrain" exactFillRootNode="exactFillRootNode"  baleTriggerNode="baleTrigger"/>
			</registerUnloadingTriggers>

			<registerLoadingTriggers>
				<loadingTrigger name="LoadingTrigger" triggerNode="trigger" fillLitersPerSecond="500" autoStart="false">
				</loadingTrigger>
			</registerLoadingTriggers>
			
			<registerInputProducts>				
				<inputProduct name="IP_GRAIN" capacity="60000" title="HoT_baleStorages_baleStorageQ_S_small_Input" > 
					<fillTypes>
						<fillType name="Silage" />				
					</fillTypes>	
							
					<inputMethods>
						<unloadingTrigger name="UnloadingTriggerGrain"/>
					</inputMethods>						
				</inputProduct>
			</registerInputProducts>
			
			<registerOutputProducts>			
				<outputProduct name="OP_GRAIN" fillType="Silage" capacity="120000" >
					<outputMethods>
						<loadingTrigger name="LoadingTrigger" />
						<objectSpawner capacity="4000" xmlFilename="buyablesquareBales_Silage.xml">
							<area startNode="startH1" endNode="endH1" />
							<area startNode="startH2" endNode="endH2" />
							<area startNode="startH3" endNode="endH3" />

						</objectSpawner>
					</outputMethods>	
						<visibilityNodes>
							<nodeGroup hasChildCollisions="true">	
							<child node="BaleQH1" />
							<child node="BaleQH2" />
							<child node="BaleQH3" />
							<child node="BaleQH4" />
							<child node="BaleQH5" />
							<child node="BaleQH6" />
							<child node="BaleQH7" />
							<child node="BaleQH8" />
							<child node="BaleQH9" />
							<child node="BaleQH10" />
							<child node="BaleQH11" />
							<child node="BaleQH12" />
							<child node="BaleQH13" />
							<child node="BaleQH14" />
							<child node="BaleQH15" />
							<child node="BaleQH16" />
							<child node="BaleQH17" />
							<child node="BaleQH18" />
							<child node="BaleQH19" />
							<child node="BaleQH20" />
							<child node="BaleQH21" />
							<child node="BaleQH22" />
							<child node="BaleQH23" />
							<child node="BaleQH24" />
							<child node="BaleQH25" />
							<child node="BaleQH26" />
							<child node="BaleQH27" />
							<child node="BaleQH28" />
							<child node="BaleQH29" />
							<child node="BaleQH30" />

						</nodeGroup>
					</visibilityNodes>
				</outputProduct>
			</registerOutputProducts>
			<productLines>
				<productLine autoLineStart="true" outputPerHour="40000000" title="HoT_baleStorages_baleStorageQ_S_small_productLine" showInGUI="true">
					<inputs>
						<inputProduct name="IP_GRAIN" percent="100" />	
					</inputs>					
					<outputs>
						<outputProduct name="OP_GRAIN" percent="100" />				
					</outputs>					
					<playerTrigger playerTriggerNode="PlayerTrigger" showPopupUI="true"/>					
				</productLine>
			</productLines>	
			
			<i3dMappings>
				<i3dMapping id="BaleQH1" node="8|0|0"/>
				<i3dMapping id="BaleQH2" node="8|0|1"/>
				<i3dMapping id="BaleQH3" node="8|0|2"/>
				<i3dMapping id="BaleQH4" node="8|1|0"/>
				<i3dMapping id="BaleQH5" node="8|1|1"/>
				<i3dMapping id="BaleQH6" node="8|1|2"/>
				<i3dMapping id="BaleQH7" node="8|2|0"/>
				<i3dMapping id="BaleQH8" node="8|2|1"/>
				<i3dMapping id="BaleQH9" node="8|2|2"/>
				<i3dMapping id="BaleQH10" node="8|3|0"/>
				<i3dMapping id="BaleQH11" node="8|3|1"/>
				<i3dMapping id="BaleQH12" node="8|3|2"/>
				<i3dMapping id="BaleQH13" node="8|4|0"/>
				<i3dMapping id="BaleQH14" node="8|4|1"/>
				<i3dMapping id="BaleQH15" node="8|4|2"/>
				<i3dMapping id="BaleQH16" node="8|5|0"/>
				<i3dMapping id="BaleQH17" node="8|5|1"/>
				<i3dMapping id="BaleQH18" node="8|5|2"/>
				<i3dMapping id="BaleQH19" node="8|6|0"/>
				<i3dMapping id="BaleQH20" node="8|6|1"/>
				<i3dMapping id="BaleQH21" node="8|6|2"/>
				<i3dMapping id="BaleQH22" node="8|7|0"/>
				<i3dMapping id="BaleQH23" node="8|7|1"/>
				<i3dMapping id="BaleQH24" node="8|7|2"/>
				<i3dMapping id="BaleQH25" node="8|8|0"/>
				<i3dMapping id="BaleQH26" node="8|8|1"/>
				<i3dMapping id="BaleQH27" node="8|8|2"/>
				<i3dMapping id="BaleQH28" node="8|9|0"/>
				<i3dMapping id="BaleQH29" node="8|9|1"/>
				<i3dMapping id="BaleQH30" node="8|9|2"/>
				

				<i3dMapping id="exactFillRootNode" node="0|0|0" />
		
				<i3dMapping id="startH1" node="4|0" />
				<i3dMapping id="endH1" node="4|0|0" />
				<i3dMapping id="startH2" node="4|1" />
				<i3dMapping id="endH2" node="4|1|0" />
				<i3dMapping id="startH3" node="4|2" />
    			<i3dMapping id="endH3" node="4|2|0" />
				
				<i3dMapping id="PlayerTrigger" node="2" />


				<i3dMapping id="trigger" node="1|0|0" />
				<i3dMapping id="baleTrigger" node="0|0|2" />
				<i3dMapping id="gui_camera" node="6"/>

			</i3dMappings>	
		</productionFactory>
	</productionFactories>			
</placeable>
