﻿<?xml version="1.0" encoding="utf-8" standalone="no" ?>
<placeable>
    <storeData>
        <name>
            <de>Heu Ballen Lager (rund)</de>
            
        </name>
        <image>store_baleStorageR_HS.dds</image>
        <price>20000</price>
        <functions>
            <function>$l10n_function_baleStorageR_HS</function>
        </functions>
        <lifetime>1000</lifetime>
        <dailyUpkeep>10</dailyUpkeep>
        <canBeSold>true</canBeSold>
        <showInStore>true</showInStore>
        <rotation>0</rotation>
        <brand>HOTTOOLS</brand>
		<specs>
            <capacity>780000</capacity>
            <fillTypes>dryGrass_windrow straw</fillTypes>
        </specs>
        <species>placeable</species>
        <category>HoT_baleStorages</category>
    </storeData>
	
	
    <placeableType>GC_ProductionFactoryPlaceable</placeableType>
    <filename>baleStorageR_HS.i3d</filename>
    <placement testSizeX="50" testSizeZ="42.0" sizeX="50" sizeZ="42" useRandomYRotation="false" useManualYRotation="true"/>
   
   <tipOcclusionUpdateArea sizeX="50" sizeZ="42" />	
	
	<clearAreas>
        <clearArea startIndex="6|0" widthIndex="6|1" heightIndex="6|2"/>
    </clearAreas>
	
	<leveling requireLeveling="true" maxSmoothDistance="5" maxSlope="30" maxEdgeAngle="20" >
        <levelAreas>
            <levelArea startNode="6|0" widthNode="6|1" heightNode="6|2" groundType="asphalt"/>
        </levelAreas>
    </leveling>
	
    <triggerMarkers>
        <triggerMarker node="4" />
    </triggerMarkers>
    <seasons>
        <maskAreas>
            <maskArea startNode="10|0" widthNode="10|0|0" heightNode="10|0|1"/>
        </maskAreas>
    </seasons>
   
    <productionFactories>
		<productionFactory indexName="baleStorageR_HS" saveId="globalCompany_baleStorageR_HS">
			<guiInformation title="HoT_baleStorages_baleStorageR_HS_FactoryName" imageFilename="store_baleStorageR_HS.dds" description="HoT_baleStorages_baleStorageR_HS_FactoryDescription" cameraFeed="gui_camera" spawnTextOne="HoT_baleStorages_baleStorageR_HS_gui_spawnText1" spawnTextTwo="HoT_baleStorages_baleStorageR_HS_gui_spawnText2"/>
			
			<operation updateDelayMinutes="1" showInGlobalGUI="true" />
			
			<registerUnloadingTriggers>
				<unloadingTrigger name="UnloadingTriggerGrain" exactFillRootNode="exactFillRootNode1" baleTriggerNode="baleTrigger1"/>
				<unloadingTrigger name="UnloadingTriggerGrain" exactFillRootNode="exactFillRootNode2" baleTriggerNode="baleTrigger2"/>
			</registerUnloadingTriggers>

			<registerLoadingTriggers>
				<loadingTrigger name="LoadingTrigger" triggerNode="trigger" fillLitersPerSecond="500" autoStart="false">
				</loadingTrigger>
			</registerLoadingTriggers>
			
			<registerInputProducts>				
				<inputProduct name="IP_GRAIN1" capacity="100000" title="HoT_baleStorages_baleStorageR_HS_Input1" > 
					<fillTypes>
						<fillType name="dryGrass_windrow" />
						
					</fillTypes>
					
					
					
					<inputMethods>
						<unloadingTrigger name="UnloadingTriggerGrain"/>
					</inputMethods>						
					
					<digitalDisplays>
						<display displayType="LEVEL" numbers="IN_Display1" emptyNumberColor="1 0 0 1" numberColor="1 1 0 1" fullNumberColor="0 1 0 1"/>
					</digitalDisplays>
				</inputProduct>
				<inputProduct name="IP_GRAIN2" capacity="100000" title="HoT_baleStorages_baleStorageR_HS_Input2" > 
					<fillTypes>
						<fillType name="straw" />
						
					</fillTypes>
					
					
					
					<inputMethods>
						<unloadingTrigger name="UnloadingTriggerGrain"/>
					</inputMethods>						
					
					<digitalDisplays>
						<display displayType="LEVEL" numbers="IN_Display2" emptyNumberColor="1 0 0 1" numberColor="1 1 0 1" fullNumberColor="0 1 0 1"/>
					</digitalDisplays>
				</inputProduct>
			</registerInputProducts>
			
			<registerOutputProducts>
				
				<outputProduct name="OP_GRAIN1" fillType="dryGrass_windrow" capacity="780000" >
					<outputMethods>
						<loadingTrigger name="LoadingTrigger" />
						<objectSpawner capacity="4000" xmlFilename="$data/objects/buyableBales/buyableBales_dryGrassRound.xml">
							<area startNode="startH1" endNode="endH1" />
							<area startNode="startH2" endNode="endH2" />
							<area startNode="startH3" endNode="endH3" />
							<area startNode="startH4" endNode="endH4" />
							<area startNode="startH5" endNode="endH5" />
							<area startNode="startH6" endNode="endH6" />
							<area startNode="startH7" endNode="endH7" />
							<area startNode="startH8" endNode="endH8" />
							<area startNode="startH9" endNode="endH9" />
						</objectSpawner>
					</outputMethods>	
					<digitalDisplays>
						<display displayType="LEVEL" numbers="OP_Display1" emptyNumberColor="0 1 0 1" numberColor="1 1 0 1" fullNumberColor="1 0 0 1"/>
					</digitalDisplays>
						<visibilityNodes>
							<nodeGroup hasChildCollisions="true">
							<child node="BaleHR0" />							
							<child node="BaleHR1" />
							<child node="BaleHR2" />
							<child node="BaleHR3" />
							<child node="BaleHR4" />
							<child node="BaleHR5" />
							<child node="BaleHR6" />
							<child node="BaleHR7" />
							<child node="BaleHR8" />
							<child node="BaleHR9" />
							<child node="BaleHR10" />
							<child node="BaleHR11" />
							<child node="BaleHR12" />
							<child node="BaleHR13" />
							<child node="BaleHR14" />
							<child node="BaleHR15" />
							<child node="BaleHR16" />
							<child node="BaleHR17" />
							<child node="BaleHR18" />
							<child node="BaleHR19" />
							<child node="BaleHR20" />
							<child node="BaleHR21" />
							<child node="BaleHR22" />
							<child node="BaleHR23" />
							<child node="BaleHR24" />
							<child node="BaleHR25" />
							<child node="BaleHR26" />
							<child node="BaleHR27" />
							<child node="BaleHR28" />
							<child node="BaleHR29" />
							<child node="BaleHR30" />
							<child node="BaleHR31" />
							<child node="BaleHR32" />
							<child node="BaleHR33" />
							<child node="BaleHR34" />
							<child node="BaleHR35" />
							<child node="BaleHR36" />
							<child node="BaleHR37" />
							<child node="BaleHR38" />
							<child node="BaleHR39" />
							<child node="BaleHR40" />
							<child node="BaleHR41" />
							<child node="BaleHR42" />
							<child node="BaleHR43" />
							<child node="BaleHR44" />
							<child node="BaleHR45" />
							<child node="BaleHR46" />
							<child node="BaleHR47" />
							<child node="BaleHR48" />
							<child node="BaleHR49" />
							<child node="BaleHR50" />
							<child node="BaleHR51" />
							<child node="BaleHR52" />
							<child node="BaleHR53" />
							<child node="BaleHR54" />
							<child node="BaleHR55" />
							<child node="BaleHR56" />
							<child node="BaleHR57" />
							<child node="BaleHR58" />
							<child node="BaleHR59" />
							<child node="BaleHR60" />
							<child node="BaleHR61" />
							<child node="BaleHR62" />
							<child node="BaleHR63" />
							<child node="BaleHR64" />
							<child node="BaleHR65" />
							<child node="BaleHR66" />
							<child node="BaleHR67" />
							<child node="BaleHR68" />
							<child node="BaleHR69" />
							<child node="BaleHR70" />
							<child node="BaleHR71" />
							<child node="BaleHR72" />
							<child node="BaleHR73" />
							<child node="BaleHR74" />
							<child node="BaleHR75" />
							<child node="BaleHR76" />
							<child node="BaleHR77" />
							<child node="BaleHR78" />
							<child node="BaleHR79" />
							<child node="BaleHR80" />
							<child node="BaleHR81" />
							<child node="BaleHR82" />
							<child node="BaleHR83" />
							<child node="BaleHR84" />
							<child node="BaleHR85" />
							<child node="BaleHR86" />
							<child node="BaleHR87" />
							<child node="BaleHR88" />
							<child node="BaleHR89" />
							<child node="BaleHR90" />
							<child node="BaleHR91" />
							<child node="BaleHR92" />
							<child node="BaleHR93" />
							<child node="BaleHR94" />
							<child node="BaleHR95" />
							<child node="BaleHR96" />
							<child node="BaleHR97" />
							<child node="BaleHR98" />
							<child node="BaleHR99" />
							<child node="BaleHR100" />							
							<child node="BaleHR101" />
							<child node="BaleHR102" />
							<child node="BaleHR103" />
							<child node="BaleHR104" />
							<child node="BaleHR105" />
							<child node="BaleHR106" />
							<child node="BaleHR107" />
							<child node="BaleHR108" />
							<child node="BaleHR109" />
							<child node="BaleHR110" />
							<child node="BaleHR111" />
							<child node="BaleHR112" />
							<child node="BaleHR113" />
							<child node="BaleHR114" />
							<child node="BaleHR115" />
							<child node="BaleHR116" />
							<child node="BaleHR117" />
							<child node="BaleHR118" />
							<child node="BaleHR119" />
							<child node="BaleHR120" />
							<child node="BaleHR121" />
							<child node="BaleHR122" />
							<child node="BaleHR123" />
							<child node="BaleHR124" />
							<child node="BaleHR125" />
							<child node="BaleHR126" />
							<child node="BaleHR127" />
							<child node="BaleHR128" />
							<child node="BaleHR129" />
							<child node="BaleHR130" />
							<child node="BaleHR131" />
							<child node="BaleHR132" />
							<child node="BaleHR133" />
							<child node="BaleHR134" />
							<child node="BaleHR135" />
							<child node="BaleHR136" />
							<child node="BaleHR137" />
							<child node="BaleHR138" />
							<child node="BaleHR139" />
							<child node="BaleHR140" />
							<child node="BaleHR141" />
							<child node="BaleHR142" />
							<child node="BaleHR143" />
							<child node="BaleHR144" />
							<child node="BaleHR145" />
							<child node="BaleHR146" />
							<child node="BaleHR147" />
							<child node="BaleHR148" />
							<child node="BaleHR149" />
							<child node="BaleHR150" />
							<child node="BaleHR151" />
							<child node="BaleHR152" />
							<child node="BaleHR153" />
							<child node="BaleHR154" />
							<child node="BaleHR155" />
							<child node="BaleHR156" />
							<child node="BaleHR157" />
							<child node="BaleHR158" />
							<child node="BaleHR159" />
							<child node="BaleHR160" />
							<child node="BaleHR161" />
							<child node="BaleHR162" />
							<child node="BaleHR163" />
							<child node="BaleHR164" />
							<child node="BaleHR165" />
							<child node="BaleHR166" />
							<child node="BaleHR167" />
							<child node="BaleHR168" />
							<child node="BaleHR169" />
							<child node="BaleHR170" />
							<child node="BaleHR171" />
							<child node="BaleHR172" />
							<child node="BaleHR173" />
							<child node="BaleHR174" />
							<child node="BaleHR175" />
							<child node="BaleHR176" />
							<child node="BaleHR177" />
							<child node="BaleHR178" />
							<child node="BaleHR179" />
							<child node="BaleHR180" />
							<child node="BaleHR181" />
							<child node="BaleHR182" />
							<child node="BaleHR183" />
							<child node="BaleHR184" />
							<child node="BaleHR185" />
							<child node="BaleHR186" />
							<child node="BaleHR187" />
							<child node="BaleHR188" />
							<child node="BaleHR189" />
							<child node="BaleHR190" />
							<child node="BaleHR191" />
							<child node="BaleHR192" />
							<child node="BaleHR193" />
							<child node="BaleHR194" />
							
						</nodeGroup>
					</visibilityNodes>
				</outputProduct>

				<outputProduct name="OP_GRAIN2" fillType="straw" capacity="780000" >
					<outputMethods>
						<loadingTrigger name="LoadingTrigger" />
						<objectSpawner capacity="4000" xmlFilename="$data/objects/buyableBales/buyableBales_strawRound.xml">
							<area startNode="startS1" endNode="endS1" />
							<area startNode="startS2" endNode="endS2" />
							<area startNode="startS3" endNode="endS3" />
							<area startNode="startS4" endNode="endS4" />
							<area startNode="startS5" endNode="endS5" />
							<area startNode="startS6" endNode="endS6" />
							<area startNode="startS7" endNode="endS7" />
							<area startNode="startS8" endNode="endS8" />
							<area startNode="startS9" endNode="endS9" />
						</objectSpawner>
					</outputMethods>	
					<digitalDisplays>
						<display displayType="LEVEL" numbers="OP_Display2" emptyNumberColor="0 1 0 1" numberColor="1 1 0 1" fullNumberColor="1 0 0 1"/>
					</digitalDisplays>
					<visibilityNodes>
						<nodeGroup hasChildCollisions="true">
							<child node="BaleSR0" />							
							<child node="BaleSR1" />
							<child node="BaleSR2" />
							<child node="BaleSR3" />
							<child node="BaleSR4" />
							<child node="BaleSR5" />
							<child node="BaleSR6" />
							<child node="BaleSR7" />
							<child node="BaleSR8" />
							<child node="BaleSR9" />
							<child node="BaleSR10" />
							<child node="BaleSR11" />
							<child node="BaleSR12" />
							<child node="BaleSR13" />
							<child node="BaleSR14" />
							<child node="BaleSR15" />
							<child node="BaleSR16" />
							<child node="BaleSR17" />
							<child node="BaleSR18" />
							<child node="BaleSR19" />
							<child node="BaleSR20" />
							<child node="BaleSR21" />
							<child node="BaleSR22" />
							<child node="BaleSR23" />
							<child node="BaleSR24" />
							<child node="BaleSR25" />
							<child node="BaleSR26" />
							<child node="BaleSR27" />
							<child node="BaleSR28" />
							<child node="BaleSR29" />
							<child node="BaleSR30" />
							<child node="BaleSR31" />
							<child node="BaleSR32" />
							<child node="BaleSR33" />
							<child node="BaleSR34" />
							<child node="BaleSR35" />
							<child node="BaleSR36" />
							<child node="BaleSR37" />
							<child node="BaleSR38" />
							<child node="BaleSR39" />
							<child node="BaleSR40" />
							<child node="BaleSR41" />
							<child node="BaleSR42" />
							<child node="BaleSR43" />
							<child node="BaleSR44" />
							<child node="BaleSR45" />
							<child node="BaleSR46" />
							<child node="BaleSR47" />
							<child node="BaleSR48" />
							<child node="BaleSR49" />
							<child node="BaleSR50" />
							<child node="BaleSR51" />
							<child node="BaleSR52" />
							<child node="BaleSR53" />
							<child node="BaleSR54" />
							<child node="BaleSR55" />
							<child node="BaleSR56" />
							<child node="BaleSR57" />
							<child node="BaleSR58" />
							<child node="BaleSR59" />
							<child node="BaleSR60" />
							<child node="BaleSR61" />
							<child node="BaleSR62" />
							<child node="BaleSR63" />
							<child node="BaleSR64" />
							<child node="BaleSR65" />
							<child node="BaleSR66" />
							<child node="BaleSR67" />
							<child node="BaleSR68" />
							<child node="BaleSR69" />
							<child node="BaleSR70" />
							<child node="BaleSR71" />
							<child node="BaleSR72" />
							<child node="BaleSR73" />
							<child node="BaleSR74" />
							<child node="BaleSR75" />
							<child node="BaleSR76" />
							<child node="BaleSR77" />
							<child node="BaleSR78" />
							<child node="BaleSR79" />
							<child node="BaleSR80" />
							<child node="BaleSR81" />
							<child node="BaleSR82" />
							<child node="BaleSR83" />
							<child node="BaleSR84" />
							<child node="BaleSR85" />
							<child node="BaleSR86" />
							<child node="BaleSR87" />
							<child node="BaleSR88" />
							<child node="BaleSR89" />
							<child node="BaleSR90" />
							<child node="BaleSR91" />
							<child node="BaleSR92" />
							<child node="BaleSR93" />
							<child node="BaleSR94" />
							<child node="BaleSR95" />
							<child node="BaleSR96" />
							<child node="BaleSR97" />
							<child node="BaleSR98" />
							<child node="BaleSR99" />
							<child node="BaleSR100" />							
							<child node="BaleSR101" />
							<child node="BaleSR102" />
							<child node="BaleSR103" />
							<child node="BaleSR104" />
							<child node="BaleSR105" />
							<child node="BaleSR106" />
							<child node="BaleSR107" />
							<child node="BaleSR108" />
							<child node="BaleSR109" />
							<child node="BaleSR110" />
							<child node="BaleSR111" />
							<child node="BaleSR112" />
							<child node="BaleSR113" />
							<child node="BaleSR114" />
							<child node="BaleSR115" />
							<child node="BaleSR116" />
							<child node="BaleSR117" />
							<child node="BaleSR118" />
							<child node="BaleSR119" />
							<child node="BaleSR120" />
							<child node="BaleSR121" />
							<child node="BaleSR122" />
							<child node="BaleSR123" />
							<child node="BaleSR124" />
							<child node="BaleSR125" />
							<child node="BaleSR126" />
							<child node="BaleSR127" />
							<child node="BaleSR128" />
							<child node="BaleSR129" />
							<child node="BaleSR130" />
							<child node="BaleSR131" />
							<child node="BaleSR132" />
							<child node="BaleSR133" />
							<child node="BaleSR134" />
							<child node="BaleSR135" />
							<child node="BaleSR136" />
							<child node="BaleSR137" />
							<child node="BaleSR138" />
							<child node="BaleSR139" />
							<child node="BaleSR140" />
							<child node="BaleSR141" />
							<child node="BaleSR142" />
							<child node="BaleSR143" />
							<child node="BaleSR144" />
							<child node="BaleSR145" />
							<child node="BaleSR146" />
							<child node="BaleSR147" />
							<child node="BaleSR148" />
							<child node="BaleSR149" />
							<child node="BaleSR150" />
							<child node="BaleSR151" />
							<child node="BaleSR152" />
							<child node="BaleSR153" />
							<child node="BaleSR154" />
							<child node="BaleSR155" />
							<child node="BaleSR156" />
							<child node="BaleSR157" />
							<child node="BaleSR158" />
							<child node="BaleSR159" />
							<child node="BaleSR160" />
							<child node="BaleSR161" />
							<child node="BaleSR162" />
							<child node="BaleSR163" />
							<child node="BaleSR164" />
							<child node="BaleSR165" />
							<child node="BaleSR166" />
							<child node="BaleSR167" />
							<child node="BaleSR168" />
							<child node="BaleSR169" />
							<child node="BaleSR170" />
							<child node="BaleSR171" />
							<child node="BaleSR172" />
							<child node="BaleSR173" />
							<child node="BaleSR174" />
							<child node="BaleSR175" />
							<child node="BaleSR176" />
							<child node="BaleSR177" />
							<child node="BaleSR178" />
							<child node="BaleSR179" />
							<child node="BaleSR180" />
							<child node="BaleSR181" />
							<child node="BaleSR182" />
							<child node="BaleSR183" />
							<child node="BaleSR184" />
							<child node="BaleSR185" />
							<child node="BaleSR186" />
							<child node="BaleSR187" />
							<child node="BaleSR188" />
							<child node="BaleSR189" />
							<child node="BaleSR190" />
							<child node="BaleSR191" />
							<child node="BaleSR192" />
							<child node="BaleSR193" />
							<child node="BaleSR194" />
							
						</nodeGroup>
					</visibilityNodes>
				</outputProduct>
			</registerOutputProducts>
			
			<productLines>
				<productLine autoLineStart="true" outputPerHour="40000000" title="HoT_baleStorages_baleStorageR_HS_productLine1" showInGUI="true">
					<inputs>
						<inputProduct name="IP_GRAIN1" percent="100" />	
					</inputs>					
					<outputs>
						<outputProduct name="OP_GRAIN1" percent="100" />				
					</outputs>					
					<playerTrigger playerTriggerNode="PlayerTrigger1" showPopupUI="true"/>					
					<operatingParts>						
						
						
					</operatingParts>
				</productLine>
			<productLine autoLineStart="true" outputPerHour="40000000" title="HoT_baleStorages_baleStorageR_HS_productLine2" showInGUI="true">
					<inputs>
						<inputProduct name="IP_GRAIN2" percent="100" />	
					</inputs>					
					<outputs>
						<outputProduct name="OP_GRAIN2" percent="100" />				
					</outputs>					
					<playerTrigger playerTriggerNode="PlayerTrigger2" showPopupUI="true"/>					
					<operatingParts>						
						
						
					</operatingParts>
				</productLine>
			</productLines>	
			
			<i3dMappings>
				<i3dMapping id="BaleHR0" node="0|0|1|0"/>
				<i3dMapping id="BaleHR1" node="0|0|1|1"/>
				<i3dMapping id="BaleHR2" node="0|0|1|2"/>
				<i3dMapping id="BaleHR3" node="0|0|1|3"/>
				<i3dMapping id="BaleHR4" node="0|0|1|4"/>
				<i3dMapping id="BaleHR5" node="0|0|1|5"/>
				<i3dMapping id="BaleHR6" node="0|0|1|6"/>
				<i3dMapping id="BaleHR7" node="0|0|1|7"/>
				<i3dMapping id="BaleHR8" node="0|0|1|8"/>
				<i3dMapping id="BaleHR9" node="0|0|1|9"/>
				<i3dMapping id="BaleHR10" node="0|0|1|10"/>
				<i3dMapping id="BaleHR11" node="0|0|1|11"/>
				<i3dMapping id="BaleHR12" node="0|0|1|12"/>
				<i3dMapping id="BaleHR13" node="0|0|1|13"/>
				<i3dMapping id="BaleHR14" node="0|0|1|14"/>
				<i3dMapping id="BaleHR15" node="0|0|2|0"/>
				<i3dMapping id="BaleHR16" node="0|0|2|1"/>
				<i3dMapping id="BaleHR17" node="0|0|2|2"/>
				<i3dMapping id="BaleHR18" node="0|0|2|3"/>
				<i3dMapping id="BaleHR19" node="0|0|2|4"/>
				<i3dMapping id="BaleHR20" node="0|0|2|5"/>
				<i3dMapping id="BaleHR21" node="0|0|2|6"/>
				<i3dMapping id="BaleHR22" node="0|0|2|7"/>
				<i3dMapping id="BaleHR23" node="0|0|2|8"/>
				<i3dMapping id="BaleHR24" node="0|0|2|9"/>
				<i3dMapping id="BaleHR25" node="0|0|2|10"/>
				<i3dMapping id="BaleHR26" node="0|0|2|11"/>
				<i3dMapping id="BaleHR27" node="0|0|2|12"/>
				<i3dMapping id="BaleHR28" node="0|0|2|13"/>
				<i3dMapping id="BaleHR29" node="0|0|2|14"/>
				<i3dMapping id="BaleHR30" node="0|0|3|0"/>
				<i3dMapping id="BaleHR31" node="0|0|3|1"/>
				<i3dMapping id="BaleHR32" node="0|0|3|2"/>
				<i3dMapping id="BaleHR33" node="0|0|3|3"/>
				<i3dMapping id="BaleHR34" node="0|0|3|4"/>
				<i3dMapping id="BaleHR35" node="0|0|3|5"/>
				<i3dMapping id="BaleHR36" node="0|0|3|6"/>
				<i3dMapping id="BaleHR37" node="0|0|3|7"/>
				<i3dMapping id="BaleHR38" node="0|0|3|8"/>
				<i3dMapping id="BaleHR39" node="0|0|3|9"/>
				<i3dMapping id="BaleHR40" node="0|0|3|10"/>
				<i3dMapping id="BaleHR41" node="0|0|3|11"/>
				<i3dMapping id="BaleHR42" node="0|0|3|12"/>
				<i3dMapping id="BaleHR43" node="0|0|3|13"/>
				<i3dMapping id="BaleHR44" node="0|0|3|14"/>
				<i3dMapping id="BaleHR45" node="0|0|4|0"/>
				<i3dMapping id="BaleHR46" node="0|0|4|1"/>
				<i3dMapping id="BaleHR47" node="0|0|4|2"/>
				<i3dMapping id="BaleHR48" node="0|0|4|3"/>
				<i3dMapping id="BaleHR49" node="0|0|4|4"/>
				<i3dMapping id="BaleHR50" node="0|0|4|5"/>
				<i3dMapping id="BaleHR51" node="0|0|4|6"/>
				<i3dMapping id="BaleHR52" node="0|0|4|7"/>
				<i3dMapping id="BaleHR53" node="0|0|4|8"/>
				<i3dMapping id="BaleHR54" node="0|0|4|9"/>
				<i3dMapping id="BaleHR55" node="0|0|4|10"/>
				<i3dMapping id="BaleHR56" node="0|0|4|11"/>
				<i3dMapping id="BaleHR57" node="0|0|4|12"/>
				<i3dMapping id="BaleHR58" node="0|0|4|13"/>
				<i3dMapping id="BaleHR59" node="0|0|4|14"/>
				<i3dMapping id="BaleHR60" node="0|0|5|0"/>
				<i3dMapping id="BaleHR61" node="0|0|5|1"/>
				<i3dMapping id="BaleHR62" node="0|0|5|2"/>
				<i3dMapping id="BaleHR63" node="0|0|5|3"/>
				<i3dMapping id="BaleHR64" node="0|0|5|4"/>
				<i3dMapping id="BaleHR65" node="0|0|5|5"/>
				<i3dMapping id="BaleHR66" node="0|0|5|6"/>
				<i3dMapping id="BaleHR67" node="0|0|5|7"/>
				<i3dMapping id="BaleHR68" node="0|0|5|8"/>
				<i3dMapping id="BaleHR69" node="0|0|5|9"/>
				<i3dMapping id="BaleHR70" node="0|0|5|10"/>
				<i3dMapping id="BaleHR71" node="0|0|5|11"/>
				<i3dMapping id="BaleHR72" node="0|0|5|12"/>
				<i3dMapping id="BaleHR73" node="0|0|5|13"/>
				<i3dMapping id="BaleHR74" node="0|0|5|14"/>
				<i3dMapping id="BaleHR75" node="0|0|6|0"/>
				<i3dMapping id="BaleHR76" node="0|0|6|1"/>
				<i3dMapping id="BaleHR77" node="0|0|6|2"/>
				<i3dMapping id="BaleHR78" node="0|0|6|3"/>
				<i3dMapping id="BaleHR79" node="0|0|6|4"/>
				<i3dMapping id="BaleHR80" node="0|0|6|5"/>
				<i3dMapping id="BaleHR81" node="0|0|6|6"/>
				<i3dMapping id="BaleHR82" node="0|0|6|7"/>
				<i3dMapping id="BaleHR83" node="0|0|6|8"/>
				<i3dMapping id="BaleHR84" node="0|0|6|9"/>
				<i3dMapping id="BaleHR85" node="0|0|6|10"/>
				<i3dMapping id="BaleHR86" node="0|0|6|11"/>
				<i3dMapping id="BaleHR87" node="0|0|6|12"/>
				<i3dMapping id="BaleHR88" node="0|0|6|13"/>
				<i3dMapping id="BaleHR89" node="0|0|6|14"/>
				<i3dMapping id="BaleHR90" node="0|0|7|0"/>
				<i3dMapping id="BaleHR91" node="0|0|7|1"/>
				<i3dMapping id="BaleHR92" node="0|0|7|2"/>
				<i3dMapping id="BaleHR93" node="0|0|7|3"/>
				<i3dMapping id="BaleHR94" node="0|0|7|4"/>
				<i3dMapping id="BaleHR95" node="0|0|7|5"/>
				<i3dMapping id="BaleHR96" node="0|0|7|6"/>
				<i3dMapping id="BaleHR97" node="0|0|7|7"/>
				<i3dMapping id="BaleHR98" node="0|0|7|8"/>
				<i3dMapping id="BaleHR99" node="0|0|7|9"/>
				<i3dMapping id="BaleHR100" node="0|0|7|10"/>
				<i3dMapping id="BaleHR101" node="0|0|7|11"/>
				<i3dMapping id="BaleHR102" node="0|0|7|12"/>
				<i3dMapping id="BaleHR103" node="0|0|7|13"/>
				<i3dMapping id="BaleHR104" node="0|0|7|14"/>
				<i3dMapping id="BaleHR105" node="0|0|8|0"/>
				<i3dMapping id="BaleHR106" node="0|0|8|1"/>
				<i3dMapping id="BaleHR107" node="0|0|8|2"/>
				<i3dMapping id="BaleHR108" node="0|0|8|3"/>
				<i3dMapping id="BaleHR109" node="0|0|8|4"/>
				<i3dMapping id="BaleHR110" node="0|0|8|5"/>
				<i3dMapping id="BaleHR111" node="0|0|8|6"/>
				<i3dMapping id="BaleHR112" node="0|0|8|7"/>
				<i3dMapping id="BaleHR113" node="0|0|8|8"/>
				<i3dMapping id="BaleHR114" node="0|0|8|9"/>
				<i3dMapping id="BaleHR115" node="0|0|8|10"/>
				<i3dMapping id="BaleHR116" node="0|0|8|11"/>
				<i3dMapping id="BaleHR117" node="0|0|8|12"/>
				<i3dMapping id="BaleHR118" node="0|0|8|13"/>
				<i3dMapping id="BaleHR119" node="0|0|8|14"/>
				<i3dMapping id="BaleHR120" node="0|0|9|0"/>
				<i3dMapping id="BaleHR121" node="0|0|9|1"/>
				<i3dMapping id="BaleHR122" node="0|0|9|2"/>
				<i3dMapping id="BaleHR123" node="0|0|9|3"/>
				<i3dMapping id="BaleHR124" node="0|0|9|4"/>
				<i3dMapping id="BaleHR125" node="0|0|9|5"/>
				<i3dMapping id="BaleHR126" node="0|0|9|6"/>
				<i3dMapping id="BaleHR127" node="0|0|9|7"/>
				<i3dMapping id="BaleHR128" node="0|0|9|8"/>
				<i3dMapping id="BaleHR129" node="0|0|9|9"/>
				<i3dMapping id="BaleHR130" node="0|0|9|10"/>
				<i3dMapping id="BaleHR131" node="0|0|9|11"/>
				<i3dMapping id="BaleHR132" node="0|0|9|12"/>
				<i3dMapping id="BaleHR133" node="0|0|9|13"/>
				<i3dMapping id="BaleHR134" node="0|0|9|14"/>
				<i3dMapping id="BaleHR135" node="0|0|10|0"/>
				<i3dMapping id="BaleHR136" node="0|0|10|1"/>
				<i3dMapping id="BaleHR137" node="0|0|10|2"/>
				<i3dMapping id="BaleHR138" node="0|0|10|3"/>
				<i3dMapping id="BaleHR139" node="0|0|10|4"/>
				<i3dMapping id="BaleHR140" node="0|0|10|5"/>
				<i3dMapping id="BaleHR141" node="0|0|10|6"/>
				<i3dMapping id="BaleHR142" node="0|0|10|7"/>
				<i3dMapping id="BaleHR143" node="0|0|10|8"/>
				<i3dMapping id="BaleHR144" node="0|0|10|9"/>
				<i3dMapping id="BaleHR145" node="0|0|10|10"/>
				<i3dMapping id="BaleHR146" node="0|0|10|11"/>
				<i3dMapping id="BaleHR147" node="0|0|10|12"/>
				<i3dMapping id="BaleHR148" node="0|0|10|13"/>
				<i3dMapping id="BaleHR149" node="0|0|10|14"/>
				<i3dMapping id="BaleHR150" node="0|0|11|0"/>
				<i3dMapping id="BaleHR151" node="0|0|11|1"/>
				<i3dMapping id="BaleHR152" node="0|0|11|2"/>
				<i3dMapping id="BaleHR153" node="0|0|11|3"/>
				<i3dMapping id="BaleHR154" node="0|0|11|4"/>
				<i3dMapping id="BaleHR155" node="0|0|11|5"/>
				<i3dMapping id="BaleHR156" node="0|0|11|6"/>
				<i3dMapping id="BaleHR157" node="0|0|11|7"/>
				<i3dMapping id="BaleHR158" node="0|0|11|8"/>
				<i3dMapping id="BaleHR159" node="0|0|11|9"/>
				<i3dMapping id="BaleHR160" node="0|0|11|10"/>
				<i3dMapping id="BaleHR161" node="0|0|11|11"/>
				<i3dMapping id="BaleHR162" node="0|0|11|12"/>
				<i3dMapping id="BaleHR163" node="0|0|11|13"/>
				<i3dMapping id="BaleHR164" node="0|0|11|14"/>
				<i3dMapping id="BaleHR165" node="0|0|12|0"/>
				<i3dMapping id="BaleHR166" node="0|0|12|1"/>
				<i3dMapping id="BaleHR167" node="0|0|12|2"/>
				<i3dMapping id="BaleHR168" node="0|0|12|3"/>
				<i3dMapping id="BaleHR169" node="0|0|12|4"/>
				<i3dMapping id="BaleHR170" node="0|0|12|5"/>
				<i3dMapping id="BaleHR171" node="0|0|12|6"/>
				<i3dMapping id="BaleHR172" node="0|0|12|7"/>
				<i3dMapping id="BaleHR173" node="0|0|12|8"/>
				<i3dMapping id="BaleHR174" node="0|0|12|9"/>
				<i3dMapping id="BaleHR175" node="0|0|12|10"/>
				<i3dMapping id="BaleHR176" node="0|0|12|11"/>
				<i3dMapping id="BaleHR177" node="0|0|12|12"/>
				<i3dMapping id="BaleHR178" node="0|0|12|13"/>
				<i3dMapping id="BaleHR179" node="0|0|12|14"/>
				<i3dMapping id="BaleHR180" node="0|0|13|0"/>
				<i3dMapping id="BaleHR181" node="0|0|13|1"/>
				<i3dMapping id="BaleHR182" node="0|0|13|2"/>
				<i3dMapping id="BaleHR183" node="0|0|13|3"/>
				<i3dMapping id="BaleHR184" node="0|0|13|4"/>
				<i3dMapping id="BaleHR185" node="0|0|13|5"/>
				<i3dMapping id="BaleHR186" node="0|0|13|6"/>
				<i3dMapping id="BaleHR187" node="0|0|13|7"/>
				<i3dMapping id="BaleHR188" node="0|0|13|8"/>
				<i3dMapping id="BaleHR189" node="0|0|13|9"/>
				<i3dMapping id="BaleHR190" node="0|0|13|10"/>
				<i3dMapping id="BaleHR191" node="0|0|13|11"/>
				<i3dMapping id="BaleHR192" node="0|0|13|12"/>
				<i3dMapping id="BaleHR193" node="0|0|13|13"/>
				<i3dMapping id="BaleHR194" node="0|0|13|14"/>

				<i3dMapping id="BaleSR0" node="0|1|1|0"/>
				<i3dMapping id="BaleSR1" node="0|1|1|1"/>
				<i3dMapping id="BaleSR2" node="0|1|1|2"/>
				<i3dMapping id="BaleSR3" node="0|1|1|3"/>
				<i3dMapping id="BaleSR4" node="0|1|1|4"/>
				<i3dMapping id="BaleSR5" node="0|1|1|5"/>
				<i3dMapping id="BaleSR6" node="0|1|1|6"/>
				<i3dMapping id="BaleSR7" node="0|1|1|7"/>
				<i3dMapping id="BaleSR8" node="0|1|1|8"/>
				<i3dMapping id="BaleSR9" node="0|1|1|9"/>
				<i3dMapping id="BaleSR10" node="0|1|1|10"/>
				<i3dMapping id="BaleSR11" node="0|1|1|11"/>
				<i3dMapping id="BaleSR12" node="0|1|1|12"/>
				<i3dMapping id="BaleSR13" node="0|1|1|13"/>
				<i3dMapping id="BaleSR14" node="0|1|1|14"/>
				<i3dMapping id="BaleSR15" node="0|1|2|0"/>
				<i3dMapping id="BaleSR16" node="0|1|2|1"/>
				<i3dMapping id="BaleSR17" node="0|1|2|2"/>
				<i3dMapping id="BaleSR18" node="0|1|2|3"/>
				<i3dMapping id="BaleSR19" node="0|1|2|4"/>
				<i3dMapping id="BaleSR20" node="0|1|2|5"/>
				<i3dMapping id="BaleSR21" node="0|1|2|6"/>
				<i3dMapping id="BaleSR22" node="0|1|2|7"/>
				<i3dMapping id="BaleSR23" node="0|1|2|8"/>
				<i3dMapping id="BaleSR24" node="0|1|2|9"/>
				<i3dMapping id="BaleSR25" node="0|1|2|10"/>
				<i3dMapping id="BaleSR26" node="0|1|2|11"/>
				<i3dMapping id="BaleSR27" node="0|1|2|12"/>
				<i3dMapping id="BaleSR28" node="0|1|2|13"/>
				<i3dMapping id="BaleSR29" node="0|1|2|14"/>
				<i3dMapping id="BaleSR30" node="0|1|3|0"/>
				<i3dMapping id="BaleSR31" node="0|1|3|1"/>
				<i3dMapping id="BaleSR32" node="0|1|3|2"/>
				<i3dMapping id="BaleSR33" node="0|1|3|3"/>
				<i3dMapping id="BaleSR34" node="0|1|3|4"/>
				<i3dMapping id="BaleSR35" node="0|1|3|5"/>
				<i3dMapping id="BaleSR36" node="0|1|3|6"/>
				<i3dMapping id="BaleSR37" node="0|1|3|7"/>
				<i3dMapping id="BaleSR38" node="0|1|3|8"/>
				<i3dMapping id="BaleSR39" node="0|1|3|9"/>
				<i3dMapping id="BaleSR40" node="0|1|3|10"/>
				<i3dMapping id="BaleSR41" node="0|1|3|11"/>
				<i3dMapping id="BaleSR42" node="0|1|3|12"/>
				<i3dMapping id="BaleSR43" node="0|1|3|13"/>
				<i3dMapping id="BaleSR44" node="0|1|3|14"/>
				<i3dMapping id="BaleSR45" node="0|1|4|0"/>
				<i3dMapping id="BaleSR46" node="0|1|4|1"/>
				<i3dMapping id="BaleSR47" node="0|1|4|2"/>
				<i3dMapping id="BaleSR48" node="0|1|4|3"/>
				<i3dMapping id="BaleSR49" node="0|1|4|4"/>
				<i3dMapping id="BaleSR50" node="0|1|4|5"/>
				<i3dMapping id="BaleSR51" node="0|1|4|6"/>
				<i3dMapping id="BaleSR52" node="0|1|4|7"/>
				<i3dMapping id="BaleSR53" node="0|1|4|8"/>
				<i3dMapping id="BaleSR54" node="0|1|4|9"/>
				<i3dMapping id="BaleSR55" node="0|1|4|10"/>
				<i3dMapping id="BaleSR56" node="0|1|4|11"/>
				<i3dMapping id="BaleSR57" node="0|1|4|12"/>
				<i3dMapping id="BaleSR58" node="0|1|4|13"/>
				<i3dMapping id="BaleSR59" node="0|1|4|14"/>
				<i3dMapping id="BaleSR60" node="0|1|5|0"/>
				<i3dMapping id="BaleSR61" node="0|1|5|1"/>
				<i3dMapping id="BaleSR62" node="0|1|5|2"/>
				<i3dMapping id="BaleSR63" node="0|1|5|3"/>
				<i3dMapping id="BaleSR64" node="0|1|5|4"/>
				<i3dMapping id="BaleSR65" node="0|1|5|5"/>
				<i3dMapping id="BaleSR66" node="0|1|5|6"/>
				<i3dMapping id="BaleSR67" node="0|1|5|7"/>
				<i3dMapping id="BaleSR68" node="0|1|5|8"/>
				<i3dMapping id="BaleSR69" node="0|1|5|9"/>
				<i3dMapping id="BaleSR70" node="0|1|5|10"/>
				<i3dMapping id="BaleSR71" node="0|1|5|11"/>
				<i3dMapping id="BaleSR72" node="0|1|5|12"/>
				<i3dMapping id="BaleSR73" node="0|1|5|13"/>
				<i3dMapping id="BaleSR74" node="0|1|5|14"/>
				<i3dMapping id="BaleSR75" node="0|1|6|0"/>
				<i3dMapping id="BaleSR76" node="0|1|6|1"/>
				<i3dMapping id="BaleSR77" node="0|1|6|2"/>
				<i3dMapping id="BaleSR78" node="0|1|6|3"/>
				<i3dMapping id="BaleSR79" node="0|1|6|4"/>
				<i3dMapping id="BaleSR80" node="0|1|6|5"/>
				<i3dMapping id="BaleSR81" node="0|1|6|6"/>
				<i3dMapping id="BaleSR82" node="0|1|6|7"/>
				<i3dMapping id="BaleSR83" node="0|1|6|8"/>
				<i3dMapping id="BaleSR84" node="0|1|6|9"/>
				<i3dMapping id="BaleSR85" node="0|1|6|10"/>
				<i3dMapping id="BaleSR86" node="0|1|6|11"/>
				<i3dMapping id="BaleSR87" node="0|1|6|12"/>
				<i3dMapping id="BaleSR88" node="0|1|6|13"/>
				<i3dMapping id="BaleSR89" node="0|1|6|14"/>
				<i3dMapping id="BaleSR90" node="0|1|7|0"/>
				<i3dMapping id="BaleSR91" node="0|1|7|1"/>
				<i3dMapping id="BaleSR92" node="0|1|7|2"/>
				<i3dMapping id="BaleSR93" node="0|1|7|3"/>
				<i3dMapping id="BaleSR94" node="0|1|7|4"/>
				<i3dMapping id="BaleSR95" node="0|1|7|5"/>
				<i3dMapping id="BaleSR96" node="0|1|7|6"/>
				<i3dMapping id="BaleSR97" node="0|1|7|7"/>
				<i3dMapping id="BaleSR98" node="0|1|7|8"/>
				<i3dMapping id="BaleSR99" node="0|1|7|9"/>
				<i3dMapping id="BaleSR100" node="0|1|7|10"/>
				<i3dMapping id="BaleSR101" node="0|1|7|11"/>
				<i3dMapping id="BaleSR102" node="0|1|7|12"/>
				<i3dMapping id="BaleSR103" node="0|1|7|13"/>
				<i3dMapping id="BaleSR104" node="0|1|7|14"/>
				<i3dMapping id="BaleSR105" node="0|1|8|0"/>
				<i3dMapping id="BaleSR106" node="0|1|8|1"/>
				<i3dMapping id="BaleSR107" node="0|1|8|2"/>
				<i3dMapping id="BaleSR108" node="0|1|8|3"/>
				<i3dMapping id="BaleSR109" node="0|1|8|4"/>
				<i3dMapping id="BaleSR110" node="0|1|8|5"/>
				<i3dMapping id="BaleSR111" node="0|1|8|6"/>
				<i3dMapping id="BaleSR112" node="0|1|8|7"/>
				<i3dMapping id="BaleSR113" node="0|1|8|8"/>
				<i3dMapping id="BaleSR114" node="0|1|8|9"/>
				<i3dMapping id="BaleSR115" node="0|1|8|10"/>
				<i3dMapping id="BaleSR116" node="0|1|8|11"/>
				<i3dMapping id="BaleSR117" node="0|1|8|12"/>
				<i3dMapping id="BaleSR118" node="0|1|8|13"/>
				<i3dMapping id="BaleSR119" node="0|1|8|14"/>
				<i3dMapping id="BaleSR120" node="0|1|9|0"/>
				<i3dMapping id="BaleSR121" node="0|1|9|1"/>
				<i3dMapping id="BaleSR122" node="0|1|9|2"/>
				<i3dMapping id="BaleSR123" node="0|1|9|3"/>
				<i3dMapping id="BaleSR124" node="0|1|9|4"/>
				<i3dMapping id="BaleSR125" node="0|1|9|5"/>
				<i3dMapping id="BaleSR126" node="0|1|9|6"/>
				<i3dMapping id="BaleSR127" node="0|1|9|7"/>
				<i3dMapping id="BaleSR128" node="0|1|9|8"/>
				<i3dMapping id="BaleSR129" node="0|1|9|9"/>
				<i3dMapping id="BaleSR130" node="0|1|9|10"/>
				<i3dMapping id="BaleSR131" node="0|1|9|11"/>
				<i3dMapping id="BaleSR132" node="0|1|9|12"/>
				<i3dMapping id="BaleSR133" node="0|1|9|13"/>
				<i3dMapping id="BaleSR134" node="0|1|9|14"/>
				<i3dMapping id="BaleSR135" node="0|1|10|0"/>
				<i3dMapping id="BaleSR136" node="0|1|10|1"/>
				<i3dMapping id="BaleSR137" node="0|1|10|2"/>
				<i3dMapping id="BaleSR138" node="0|1|10|3"/>
				<i3dMapping id="BaleSR139" node="0|1|10|4"/>
				<i3dMapping id="BaleSR140" node="0|1|10|5"/>
				<i3dMapping id="BaleSR141" node="0|1|10|6"/>
				<i3dMapping id="BaleSR142" node="0|1|10|7"/>
				<i3dMapping id="BaleSR143" node="0|1|10|8"/>
				<i3dMapping id="BaleSR144" node="0|1|10|9"/>
				<i3dMapping id="BaleSR145" node="0|1|10|10"/>
				<i3dMapping id="BaleSR146" node="0|1|10|11"/>
				<i3dMapping id="BaleSR147" node="0|1|10|12"/>
				<i3dMapping id="BaleSR148" node="0|1|10|13"/>
				<i3dMapping id="BaleSR149" node="0|1|10|14"/>
				<i3dMapping id="BaleSR150" node="0|1|11|0"/>
				<i3dMapping id="BaleSR151" node="0|1|11|1"/>
				<i3dMapping id="BaleSR152" node="0|1|11|2"/>
				<i3dMapping id="BaleSR153" node="0|1|11|3"/>
				<i3dMapping id="BaleSR154" node="0|1|11|4"/>
				<i3dMapping id="BaleSR155" node="0|1|11|5"/>
				<i3dMapping id="BaleSR156" node="0|1|11|6"/>
				<i3dMapping id="BaleSR157" node="0|1|11|7"/>
				<i3dMapping id="BaleSR158" node="0|1|11|8"/>
				<i3dMapping id="BaleSR159" node="0|1|11|9"/>
				<i3dMapping id="BaleSR160" node="0|1|11|10"/>
				<i3dMapping id="BaleSR161" node="0|1|11|11"/>
				<i3dMapping id="BaleSR162" node="0|1|11|12"/>
				<i3dMapping id="BaleSR163" node="0|1|11|13"/>
				<i3dMapping id="BaleSR164" node="0|1|11|14"/>
				<i3dMapping id="BaleSR165" node="0|1|12|0"/>
				<i3dMapping id="BaleSR166" node="0|1|12|1"/>
				<i3dMapping id="BaleSR167" node="0|1|12|2"/>
				<i3dMapping id="BaleSR168" node="0|1|12|3"/>
				<i3dMapping id="BaleSR169" node="0|1|12|4"/>
				<i3dMapping id="BaleSR170" node="0|1|12|5"/>
				<i3dMapping id="BaleSR171" node="0|1|12|6"/>
				<i3dMapping id="BaleSR172" node="0|1|12|7"/>
				<i3dMapping id="BaleSR173" node="0|1|12|8"/>
				<i3dMapping id="BaleSR174" node="0|1|12|9"/>
				<i3dMapping id="BaleSR175" node="0|1|12|10"/>
				<i3dMapping id="BaleSR176" node="0|1|12|11"/>
				<i3dMapping id="BaleSR177" node="0|1|12|12"/>
				<i3dMapping id="BaleSR178" node="0|1|12|13"/>
				<i3dMapping id="BaleSR179" node="0|1|12|14"/>
				<i3dMapping id="BaleSR180" node="0|1|13|0"/>
				<i3dMapping id="BaleSR181" node="0|1|13|1"/>
				<i3dMapping id="BaleSR182" node="0|1|13|2"/>
				<i3dMapping id="BaleSR183" node="0|1|13|3"/>
				<i3dMapping id="BaleSR184" node="0|1|13|4"/>
				<i3dMapping id="BaleSR185" node="0|1|13|5"/>
				<i3dMapping id="BaleSR186" node="0|1|13|6"/>
				<i3dMapping id="BaleSR187" node="0|1|13|7"/>
				<i3dMapping id="BaleSR188" node="0|1|13|8"/>
				<i3dMapping id="BaleSR189" node="0|1|13|9"/>
				<i3dMapping id="BaleSR190" node="0|1|13|10"/>
				<i3dMapping id="BaleSR191" node="0|1|13|11"/>
				<i3dMapping id="BaleSR192" node="0|1|13|12"/>
				<i3dMapping id="BaleSR193" node="0|1|13|13"/>
				<i3dMapping id="BaleSR194" node="0|1|13|14"/>
				<i3dMapping id="exactFillRootNode1" node="1|0|0" />
				<i3dMapping id="exactFillRootNode1" node="1|1|0" />
    			<i3dMapping id="IN_Display1" node="1|0|1" />	
				<i3dMapping id="IN_Display2" node="1|1|1" />				

				<i3dMapping id="OP_Display1" node="2|1" />	
				<i3dMapping id="OP_Display2" node="2|2" />				
				<i3dMapping id="startH1" node="5|0" />
				<i3dMapping id="endH1" node="5|0|0" />
				<i3dMapping id="startH2" node="5|1" />
				<i3dMapping id="endH2" node="5|1|0" />
				<i3dMapping id="startH3" node="5|2" />
    			<i3dMapping id="endH3" node="5|2|0" />
				<i3dMapping id="startH4" node="5|3" />
				<i3dMapping id="endH4" node="5|3|0" />
				<i3dMapping id="startH5" node="5|4" />
				<i3dMapping id="endH5" node="5|4|0" />	
				<i3dMapping id="startH6" node="5|5" />
    			<i3dMapping id="endH6" node="5|5|0" />
				<i3dMapping id="startH7" node="5|6" />
				<i3dMapping id="endH7" node="5|6|0" />
				<i3dMapping id="startH8" node="5|7" />
				<i3dMapping id="endH8" node="5|7|0" />	
				<i3dMapping id="startH9" node="5|8" />
    			<i3dMapping id="endH9" node="5|8|0" />
				<i3dMapping id="PlayerTrigger1" node="3" />
				<i3dMapping id="PlayerTrigger2" node="11" />
				<i3dMapping id="beacon1" node="7" />
				<i3dMapping id="beacon2" node="13" />
				<i3dMapping id="trigger" node="2|0|0" />
				<i3dMapping id="startS1" node="12|0" />
				<i3dMapping id="endS1" node="12|0|0" />
				<i3dMapping id="startS2" node="12|1" />
				<i3dMapping id="endS2" node="12|1|0" />
				<i3dMapping id="startS3" node="12|2" />
    			<i3dMapping id="endS3" node="12|2|0" />
				<i3dMapping id="startS4" node="12|3" />
				<i3dMapping id="endS4" node="12|3|0" />
				<i3dMapping id="startS5" node="12|4" />
				<i3dMapping id="endS5" node="12|4|0" />	
				<i3dMapping id="startS6" node="12|5" />
    			<i3dMapping id="endS6" node="12|5|0" />
				<i3dMapping id="startS7" node="12|6" />
				<i3dMapping id="endS7" node="12|6|0" />
				<i3dMapping id="startS8" node="12|7" />
				<i3dMapping id="endS8" node="12|7|0" />	
				<i3dMapping id="startS9" node="12|8" />
    			<i3dMapping id="endS9" node="12|8|0" />
    			<i3dMapping id="audio" node="8" />
				<!-- <i3dMapping id="plane1" node="11|1" />
    			<i3dMapping id="plane2" node="10|1" /> -->
				<i3dMapping id="baleTrigger1" node="1|0|2" />
				<i3dMapping id="gui_camera" node="9"/>
				<i3dMapping id="baleTrigger2" node="1|1|2" />
			</i3dMappings>	
		</productionFactory>
	</productionFactories>			
</placeable>
