﻿<?xml version="1.0" encoding="utf-8" standalone="no" ?>
<placeable>
    <storeData>
        <name>
            <de>Silage Ballen Lager </de>
            
        </name>
        <image>store_baleStorageR_S.dds</image>
        <price>5000</price>
        <functions>
            <function>$l10n_function_baleStorageR_S</function>
        </functions>
        <lifetime>1000</lifetime>
        <dailyUpkeep>0</dailyUpkeep>
        <canBeSold>true</canBeSold>
        <showInStore>true</showInStore>
        <rotation>0</rotation>
        <brand>HOTTOOLS</brand>
		<specs>
            <capacity>540000</capacity>
            <fillTypes>silage</fillTypes>
        </specs>
        <species>placeable</species>
        <category>HoT_baleStorages</category>
    </storeData>
	
	
    <placeableType>GC_ProductionFactoryPlaceable</placeableType>
    <filename>baleStorageR_S.i3d</filename>
    <placement testSizeX="16" testSizeZ="18" sizeX="16" sizeZ="18" useRandomYRotation="false" useManualYRotation="true"/>
   
   <tipOcclusionUpdateArea sizeX="16" sizeZ="18" />	
	
	<clearAreas>
        <clearArea startIndex="6|0" widthIndex="6|1" heightIndex="6|2"/>
    </clearAreas>
	
	<leveling requireLeveling="true" maxSmoothDistance="5" maxSlope="30" maxEdgeAngle="20" >
        <levelAreas>
            <levelArea startNode="6|0" widthNode="6|1" heightNode="6|2" groundType="dirt"/>
        </levelAreas>
    </leveling>
	
    <triggerMarkers>
        <triggerMarker node="4" />
    </triggerMarkers>
   
    <productionFactories>
		<productionFactory indexName="baleStorageR_S" saveId="globalCompany_baleStorageR_S">
			<guiInformation title="HoT_baleStorages_baleStorageR_S_FactoryName" imageFilename="store_baleStorageR_S.dds" description="HoT_baleStorages_baleStorageR_S_FactoryDescription" cameraFeed="gui_camera" spawnTextOne="HoT_baleStorages_baleStorageR_S_gui_spawnText1" spawnTextTwo="HoT_baleStorages_baleStorageR_S_gui_spawnText2"/>
			
			<operation updateDelayMinutes="1" showInGlobalGUI="true" />
			
			<registerUnloadingTriggers>
				<unloadingTrigger name="UnloadingTriggerGrain"   baleTriggerNode="baleTrigger"/>
			</registerUnloadingTriggers>

			<registerLoadingTriggers>
				<loadingTrigger name="LoadingTrigger" triggerNode="trigger" fillLitersPerSecond="500" autoStart="false">
				</loadingTrigger>
			</registerLoadingTriggers>
			
			<registerInputProducts>				
				<inputProduct name="IP_GRAIN" capacity="60000" title="HoT_baleStorages_baleStorageR_S_Input" > 
					<fillTypes>
						<fillType name="silage" />
						
					</fillTypes>
					
					
					
					<inputMethods>
						<unloadingTrigger name="UnloadingTriggerGrain"/>
					</inputMethods>						

				</inputProduct>
			</registerInputProducts>	
		<registerOutputProducts>
				
				<outputProduct name="OP_GRAIN" fillType="silage" capacity="540000" >
					<outputMethods>
						<loadingTrigger name="LoadingTrigger" />
						<objectSpawner capacity="4000" xmlFilename="$data/objects/buyableBales/buyableBales_silage.xml">
							<area startNode="startRS1" endNode="endRS1" />
							<area startNode="startRS2" endNode="endRS2" />
							<area startNode="startRS3" endNode="endRS3" />
							<area startNode="startRS4" endNode="endRS4" />
							<area startNode="startRS5" endNode="endRS5" />
							<area startNode="startRS6" endNode="endRS6" />
							<area startNode="startRS7" endNode="endRS7" />
							<area startNode="startRS8" endNode="endRS8" />
							<area startNode="startRS9" endNode="endRS9" />
						</objectSpawner>
					</outputMethods>	
						<visibilityNodes>
							<nodeGroup hasChildCollisions="true">	
								<child node="BaleRS0" />
								<child node="BaleRS1" />
								<child node="BaleRS2" />
								<child node="BaleRS3" />
								<child node="BaleRS4" />
								<child node="BaleRS5" />
								<child node="BaleRS6" />
								<child node="BaleRS7" />
								<child node="BaleRS8" />
								<child node="BaleRS9" />
								<child node="BaleRS10" />
								<child node="BaleRS11" />
								<child node="BaleRS12" />
								<child node="BaleRS13" />
								<child node="BaleRS14" />
								<child node="BaleRS15" />
								<child node="BaleRS16" />
								<child node="BaleRS17" />
								<child node="BaleRS18" />
								<child node="BaleRS19" />
								<child node="BaleRS20" />
								<child node="BaleRS21" />
								<child node="BaleRS22" />
								<child node="BaleRS23" />
								<child node="BaleRS24" />
								<child node="BaleRS25" />
								<child node="BaleRS26" />
								<child node="BaleRS27" />
								<child node="BaleRS28" />
								<child node="BaleRS29" />
								<child node="BaleRS30" />
								<child node="BaleRS31" />
								<child node="BaleRS32" />
								<child node="BaleRS33" />
								<child node="BaleRS34" />
								<child node="BaleRS35" />
								<child node="BaleRS36" />
								<child node="BaleRS37" />
								<child node="BaleRS38" />
								<child node="BaleRS39" />
								<child node="BaleRS40" />
								<child node="BaleRS41" />
								<child node="BaleRS42" />
								<child node="BaleRS43" />
								<child node="BaleRS44" />
								<child node="BaleRS45" />
								<child node="BaleRS46" />
								<child node="BaleRS47" />
								<child node="BaleRS48" />
								<child node="BaleRS49" />
								<child node="BaleRS50" />
								<child node="BaleRS51" />
								<child node="BaleRS52" />
								<child node="BaleRS53" />
								<child node="BaleRS54" />
								<child node="BaleRS55" />
								<child node="BaleRS56" />
								<child node="BaleRS57" />
								<child node="BaleRS58" />
								<child node="BaleRS59" />
								<child node="BaleRS60" />
								<child node="BaleRS61" />
								<child node="BaleRS62" />
								<child node="BaleRS63" />
								<child node="BaleRS64" />
								<child node="BaleRS65" />
								<child node="BaleRS66" />
								<child node="BaleRS67" />
								<child node="BaleRS68" />
								<child node="BaleRS69" />
								<child node="BaleRS70" />
								<child node="BaleRS71" />
								<child node="BaleRS72" />
								<child node="BaleRS73" />
								<child node="BaleRS74" />
								<child node="BaleRS75" />
								<child node="BaleRS76" />
								<child node="BaleRS77" />
								<child node="BaleRS78" />
								<child node="BaleRS79" />
								<child node="BaleRS80" />
								<child node="BaleRS81" />
								<child node="BaleRS82" />
								<child node="BaleRS83" />
								<child node="BaleRS84" />
								<child node="BaleRS85" />
								<child node="BaleRS86" />
								<child node="BaleRS87" />
								<child node="BaleRS88" />
								<child node="BaleRS89" />
								<child node="BaleRS90" />
								<child node="BaleRS91" />
								<child node="BaleRS92" />
								<child node="BaleRS93" />
								<child node="BaleRS94" />
								<child node="BaleRS95" />
								<child node="BaleRS96" />
								<child node="BaleRS97" />
								<child node="BaleRS98" />
								<child node="BaleRS99" />
								<child node="BaleRS100" />
								<child node="BaleRS101" />
								<child node="BaleRS102" />
								<child node="BaleRS103" />
								<child node="BaleRS104" />
								<child node="BaleRS105" />
								<child node="BaleRS106" />
								<child node="BaleRS107" />
								<child node="BaleRS108" />
								<child node="BaleRS109" />
								<child node="BaleRS110" />
								<child node="BaleRS111" />
								<child node="BaleRS112" />
								<child node="BaleRS113" />
								<child node="BaleRS114" />
								<child node="BaleRS115" />
								<child node="BaleRS116" />
								<child node="BaleRS117" />
								<child node="BaleRS118" />
								<child node="BaleRS119" />
								<child node="BaleRS120" />
								<child node="BaleRS121" />
								<child node="BaleRS122" />
								<child node="BaleRS123" />
								<child node="BaleRS124" />
								<child node="BaleRS125" />
								<child node="BaleRS126" />
								<child node="BaleRS127" />
								<child node="BaleRS128" />
								<child node="BaleRS129" />
								<child node="BaleRS130" />
								<child node="BaleRS131" />
								<child node="BaleRS132" />
								<child node="BaleRS133" />
								<child node="BaleRS134" />
						</nodeGroup>
					</visibilityNodes>
				</outputProduct>	
			</registerOutputProducts>
			
			<productLines>
				<productLine autoLineStart="true" outputPerHour="40000000" title="HoT_baleStorages_baleStorageR_S_productLine" showInGUI="true">
					<inputs>
						<inputProduct name="IP_GRAIN" percent="100" />	
					</inputs>					
					<outputs>
						<outputProduct name="OP_GRAIN" percent="100" />				
					</outputs>					
					<playerTrigger playerTriggerNode="PlayerTrigger" showPopupUI="true"/>					
				</productLine>
			</productLines>			
			<i3dMappings>
				<i3dMapping id="BaleRS0" node="0|1|0"/>
				<i3dMapping id="BaleRS1" node="0|1|1"/>
				<i3dMapping id="BaleRS2" node="0|1|2"/>
				<i3dMapping id="BaleRS3" node="0|1|3"/>
				<i3dMapping id="BaleRS4" node="0|1|4"/>
				<i3dMapping id="BaleRS5" node="0|1|5"/>
				<i3dMapping id="BaleRS6" node="0|1|6"/>
				<i3dMapping id="BaleRS7" node="0|1|7"/>
				<i3dMapping id="BaleRS8" node="0|1|8"/>
				<i3dMapping id="BaleRS9" node="0|1|9"/>
				<i3dMapping id="BaleRS10" node="0|1|10"/>
				<i3dMapping id="BaleRS11" node="0|1|11"/>
				<i3dMapping id="BaleRS12" node="0|1|12"/>
				<i3dMapping id="BaleRS13" node="0|1|13"/>
				<i3dMapping id="BaleRS14" node="0|1|14"/>
				<i3dMapping id="BaleRS15" node="0|2|0"/>
				<i3dMapping id="BaleRS16" node="0|2|1"/>
				<i3dMapping id="BaleRS17" node="0|2|2"/>
				<i3dMapping id="BaleRS18" node="0|2|3"/>
				<i3dMapping id="BaleRS19" node="0|2|4"/>
				<i3dMapping id="BaleRS20" node="0|2|5"/>
				<i3dMapping id="BaleRS21" node="0|2|6"/>
				<i3dMapping id="BaleRS22" node="0|2|7"/>
				<i3dMapping id="BaleRS23" node="0|2|8"/>
				<i3dMapping id="BaleRS24" node="0|2|9"/>
				<i3dMapping id="BaleRS25" node="0|2|10"/>
				<i3dMapping id="BaleRS26" node="0|2|11"/>
				<i3dMapping id="BaleRS27" node="0|2|12"/>
				<i3dMapping id="BaleRS28" node="0|2|13"/>
				<i3dMapping id="BaleRS29" node="0|2|14"/>
				<i3dMapping id="BaleRS30" node="0|3|0"/>
				<i3dMapping id="BaleRS31" node="0|3|1"/>
				<i3dMapping id="BaleRS32" node="0|3|2"/>
				<i3dMapping id="BaleRS33" node="0|3|3"/>
				<i3dMapping id="BaleRS34" node="0|3|4"/>
				<i3dMapping id="BaleRS35" node="0|3|5"/>
				<i3dMapping id="BaleRS36" node="0|3|6"/>
				<i3dMapping id="BaleRS37" node="0|3|7"/>
				<i3dMapping id="BaleRS38" node="0|3|8"/>
				<i3dMapping id="BaleRS39" node="0|3|9"/>
				<i3dMapping id="BaleRS40" node="0|3|10"/>
				<i3dMapping id="BaleRS41" node="0|3|11"/>
				<i3dMapping id="BaleRS42" node="0|3|12"/>
				<i3dMapping id="BaleRS43" node="0|3|13"/>
				<i3dMapping id="BaleRS44" node="0|3|14"/>
				<i3dMapping id="BaleRS45" node="0|4|0"/>
				<i3dMapping id="BaleRS46" node="0|4|1"/>
				<i3dMapping id="BaleRS47" node="0|4|2"/>
				<i3dMapping id="BaleRS48" node="0|4|3"/>
				<i3dMapping id="BaleRS49" node="0|4|4"/>
				<i3dMapping id="BaleRS50" node="0|4|5"/>
				<i3dMapping id="BaleRS51" node="0|4|6"/>
				<i3dMapping id="BaleRS52" node="0|4|7"/>
				<i3dMapping id="BaleRS53" node="0|4|8"/>
				<i3dMapping id="BaleRS54" node="0|4|9"/>
				<i3dMapping id="BaleRS55" node="0|4|10"/>
				<i3dMapping id="BaleRS56" node="0|4|11"/>
				<i3dMapping id="BaleRS57" node="0|4|12"/>
				<i3dMapping id="BaleRS58" node="0|4|13"/>
				<i3dMapping id="BaleRS59" node="0|4|14"/>
				<i3dMapping id="BaleRS60" node="0|5|0"/>
				<i3dMapping id="BaleRS61" node="0|5|1"/>
				<i3dMapping id="BaleRS62" node="0|5|2"/>
				<i3dMapping id="BaleRS63" node="0|5|3"/>
				<i3dMapping id="BaleRS64" node="0|5|4"/>
				<i3dMapping id="BaleRS65" node="0|5|5"/>
				<i3dMapping id="BaleRS66" node="0|5|6"/>
				<i3dMapping id="BaleRS67" node="0|5|7"/>
				<i3dMapping id="BaleRS68" node="0|5|8"/>
				<i3dMapping id="BaleRS69" node="0|5|9"/>
				<i3dMapping id="BaleRS70" node="0|5|10"/>
				<i3dMapping id="BaleRS71" node="0|5|11"/>
				<i3dMapping id="BaleRS72" node="0|5|12"/>
				<i3dMapping id="BaleRS73" node="0|5|13"/>
				<i3dMapping id="BaleRS74" node="0|5|14"/>
				<i3dMapping id="BaleRS75" node="0|6|0"/>
				<i3dMapping id="BaleRS76" node="0|6|1"/>
				<i3dMapping id="BaleRS77" node="0|6|2"/>
				<i3dMapping id="BaleRS78" node="0|6|3"/>
				<i3dMapping id="BaleRS79" node="0|6|4"/>
				<i3dMapping id="BaleRS80" node="0|6|5"/>
				<i3dMapping id="BaleRS81" node="0|6|6"/>
				<i3dMapping id="BaleRS82" node="0|6|7"/>
				<i3dMapping id="BaleRS83" node="0|6|8"/>
				<i3dMapping id="BaleRS84" node="0|6|9"/>
				<i3dMapping id="BaleRS85" node="0|6|10"/>
				<i3dMapping id="BaleRS86" node="0|6|11"/>
				<i3dMapping id="BaleRS87" node="0|6|12"/>
				<i3dMapping id="BaleRS88" node="0|6|13"/>
				<i3dMapping id="BaleRS89" node="0|6|14"/>
				<i3dMapping id="BaleRS90" node="0|7|0"/>
				<i3dMapping id="BaleRS91" node="0|7|1"/>
				<i3dMapping id="BaleRS92" node="0|7|2"/>
				<i3dMapping id="BaleRS93" node="0|7|3"/>
				<i3dMapping id="BaleRS94" node="0|7|4"/>
				<i3dMapping id="BaleRS95" node="0|7|5"/>
				<i3dMapping id="BaleRS96" node="0|7|6"/>
				<i3dMapping id="BaleRS97" node="0|7|7"/>
				<i3dMapping id="BaleRS98" node="0|7|8"/>
				<i3dMapping id="BaleRS99" node="0|7|9"/>
				<i3dMapping id="BaleRS100" node="0|7|10"/>
				<i3dMapping id="BaleRS101" node="0|7|11"/>
				<i3dMapping id="BaleRS102" node="0|7|12"/>
				<i3dMapping id="BaleRS103" node="0|7|13"/>
				<i3dMapping id="BaleRS104" node="0|7|14"/>
				<i3dMapping id="BaleRS105" node="0|8|0"/>
				<i3dMapping id="BaleRS106" node="0|8|1"/>
				<i3dMapping id="BaleRS107" node="0|8|2"/>
				<i3dMapping id="BaleRS108" node="0|8|3"/>
				<i3dMapping id="BaleRS109" node="0|8|4"/>
				<i3dMapping id="BaleRS110" node="0|8|5"/>
				<i3dMapping id="BaleRS111" node="0|8|6"/>
				<i3dMapping id="BaleRS112" node="0|8|7"/>
				<i3dMapping id="BaleRS113" node="0|8|8"/>
				<i3dMapping id="BaleRS114" node="0|8|9"/>
				<i3dMapping id="BaleRS115" node="0|8|10"/>
				<i3dMapping id="BaleRS116" node="0|8|11"/>
				<i3dMapping id="BaleRS117" node="0|8|12"/>
				<i3dMapping id="BaleRS118" node="0|8|13"/>
				<i3dMapping id="BaleRS119" node="0|8|14"/>
				<i3dMapping id="BaleRS120" node="0|9|0"/>
				<i3dMapping id="BaleRS121" node="0|9|1"/>
				<i3dMapping id="BaleRS122" node="0|9|2"/>
				<i3dMapping id="BaleRS123" node="0|9|3"/>
				<i3dMapping id="BaleRS124" node="0|9|4"/>
				<i3dMapping id="BaleRS125" node="0|9|5"/>
				<i3dMapping id="BaleRS126" node="0|9|6"/>
				<i3dMapping id="BaleRS127" node="0|9|7"/>
				<i3dMapping id="BaleRS128" node="0|9|8"/>
				<i3dMapping id="BaleRS129" node="0|9|9"/>
				<i3dMapping id="BaleRS130" node="0|9|10"/>
				<i3dMapping id="BaleRS131" node="0|9|11"/>
				<i3dMapping id="BaleRS132" node="0|9|12"/>
				<i3dMapping id="BaleRS133" node="0|9|13"/>
				<i3dMapping id="BaleRS134" node="0|9|14"/>
				
					
							
				<i3dMapping id="startRS1" node="5|0" />
				<i3dMapping id="endRS1" node="5|0|0" />
				<i3dMapping id="startRS2" node="5|1" />
				<i3dMapping id="endRS2" node="5|1|0" />
				<i3dMapping id="startRS3" node="5|2" />
    			<i3dMapping id="endRS3" node="5|2|0" />
				<i3dMapping id="startRS4" node="5|3" />
				<i3dMapping id="endRS4" node="5|3|0" />
				<i3dMapping id="startRS5" node="5|4" />
				<i3dMapping id="endRS5" node="5|4|0" />	
				<i3dMapping id="startRS6" node="5|5" />
    			<i3dMapping id="endRS6" node="5|5|0" />
				<i3dMapping id="startRS7" node="5|6" />
				<i3dMapping id="endRS7" node="5|6|0" />
				<i3dMapping id="startRS8" node="5|7" />
				<i3dMapping id="endRS8" node="5|7|0" />	
				<i3dMapping id="startRS9" node="5|8" />
    			<i3dMapping id="endRS9" node="5|8|0" />
				<i3dMapping id="PlayerTrigger" node="3" />		
				
				<i3dMapping id="trigger" node="2|0|0" />
				<i3dMapping id="baleTrigger" node="1|0|1" />
				<i3dMapping id="gui_camera" node="7"/>

			</i3dMappings>	
		</productionFactory>
	</productionFactories>			
</placeable>
