<?xml version="1.0" encoding="UTF-8" standalone="yes" ?>
<l10n>
	<elements>
		<!-- Category -->
		<e k="HoT_baleStorages" v="HoT Balestorages V2"/>
		<e k="HoT_baleStorages_baleStorageQ_Hay_big_FactoryName" v="Hay Square Bale Storage"/>
		<e k="HoT_baleStorages_baleStorageQ_Hay_big_FactoryDescription" v="Hay Square Bale Storage"/>
		<e k="HoT_baleStorages_baleStorageQ_Hay_big_productLine" v="Hay Square Bale Storage"/>
		<e k="HoT_baleStorages_baleStorageQ_Hay_big_Input" v="Hay Square Bale"/>
		<e k="HoT_baleStorages_baleStorageQ_Hay_big_Output" v="Hay Square Bale"/>
		<e k="HoT_baleStorages_baleStorageQ_Hay_big_gui_spawnText1" v="Spawn %s Bale"/>
		<e k="HoT_baleStorages_baleStorageQ_Hay_big_gui_spawnText2" v="Spawn %s Bales"/>
		
		<e k="HoT_baleStorages_baleStorageQ_Hay_small_FactoryName" v="small Hay Square Bale Storage"/>
		<e k="HoT_baleStorages_baleStorageQ_Hay_small_FactoryDescription" v="small Hay Square Bale Storage"/>
		<e k="HoT_baleStorages_baleStorageQ_Hay_small_productLine" v="Hay Square Bale Storage"/>
		<e k="HoT_baleStorages_baleStorageQ_Hay_small_Input" v="Hay Square Bale"/>
		<e k="HoT_baleStorages_baleStorageQ_Hay_small_Output" v="Hay Square Bale"/>
		<e k="HoT_baleStorages_baleStorageQ_Hay_small_gui_spawnText1" v="Spawn %s Bale"/>
		<e k="HoT_baleStorages_baleStorageQ_Hay_small_gui_spawnText2" v="Spawn %s Bales"/>
		
		<e k="HoT_baleStorages_baleStorageQ_Straw_big_FactoryName" v="Straw Square Bale Storage"/>
		<e k="HoT_baleStorages_baleStorageQ_Straw_big_FactoryDescription" v="Straw Square Bale Storage"/>
		<e k="HoT_baleStorages_baleStorageQ_Straw_big_productLine" v="Straw Square Bale Storage"/>
		<e k="HoT_baleStorages_baleStorageQ_Straw_big_Input" v="Straw Square Bale"/>
		<e k="HoT_baleStorages_baleStorageQ_Straw_big_Output" v="Straw Square Bale"/>
		<e k="HoT_baleStorages_baleStorageQ_Straw_big_gui_spawnText1" v="Spawn %s Bale"/>
		<e k="HoT_baleStorages_baleStorageQ_Straw_big_gui_spawnText2" v="Spawn %s Bales"/>
		
		<e k="HoT_baleStorages_baleStorageQ_Straw_small_FactoryName" v="small Straw Square Bale Storage"/>
		<e k="HoT_baleStorages_baleStorageQ_Straw_small_FactoryDescription" v="small Straw Square Bale Storage"/>
		<e k="HoT_baleStorages_baleStorageQ_Straw_small_productLine" v="Straw Square Bale Storage"/>
		<e k="HoT_baleStorages_baleStorageQ_Straw_small_Input" v="Straw Square Bale"/>
		<e k="HoT_baleStorages_baleStorageQ_Straw_small_Output" v="Straw Square Bale"/>
		<e k="HoT_baleStorages_baleStorageQ_Straw_small_gui_spawnText1" v="Spawn %s Bale"/>
		<e k="HoT_baleStorages_baleStorageQ_Straw_small_gui_spawnText2" v="Spawn %s Bales"/>
		
		<e k="HoT_baleStorages_baleStorageR_Hay_big_FactoryName" v="Hay Round Bale Storage"/>
		<e k="HoT_baleStorages_baleStorageR_Hay_big_FactoryDescription" v="Hay Round Bale Storage"/>
		<e k="HoT_baleStorages_baleStorageR_Hay_big_productLine" v="Hay Bale Storage"/>
		<e k="HoT_baleStorages_baleStorageR_Hay_big_Input" v="Hay Bale (round)"/>
		<e k="HoT_baleStorages_baleStorageR_Hay_big_Output" v="Hay Bale (round)"/>
		<e k="HoT_baleStorages_baleStorageR_Hay_big_gui_spawnText1" v="Spawn %s Bale"/>
		<e k="HoT_baleStorages_baleStorageR_Hay_big_gui_spawnText2" v="Spawn %s Bales"/>
		
		<e k="HoT_baleStorages_baleStorageR_Hay_small_FactoryName" v="Hay Round Bale Storage"/>
		<e k="HoT_baleStorages_baleStorageR_Hay_small_FactoryDescription" v="Hay Round Bale Storage"/>
		<e k="HoT_baleStorages_baleStorageR_Hay_small_productLine" v="Hay Bale Storage"/>
		<e k="HoT_baleStorages_baleStorageR_Hay_small_Input" v="Hay Bale (round)"/>
		<e k="HoT_baleStorages_baleStorageR_Hay_small_Output" v="Hay Bale (round)"/>
		<e k="HoT_baleStorages_baleStorageR_Hay_small_gui_spawnText1" v="Spawn %s Bale"/>
		<e k="HoT_baleStorages_baleStorageR_Hay_small_gui_spawnText2" v="Spawn %s Bales"/>
		
		<e k="HoT_baleStorages_baleStorageR_Straw_big_FactoryName" v="Straw Round Bale Storage"/>
		<e k="HoT_baleStorages_baleStorageR_Straw_big_FactoryDescription" v="Straw Round Bale Storage"/>
		<e k="HoT_baleStorages_baleStorageR_Straw_big_productLine" v="Straw Bale Storage"/>
		<e k="HoT_baleStorages_baleStorageR_Straw_big_Input" v="Straw Bale (round)"/>
		<e k="HoT_baleStorages_baleStorageR_Straw_big_Output" v="Straw Bale (round)"/>
		<e k="HoT_baleStorages_baleStorageR_Straw_big_gui_spawnText1" v="Spawn %s Bale"/>
		<e k="HoT_baleStorages_baleStorageR_Straw_big_gui_spawnText2" v="Spawn %s Bales"/>
		
		<e k="HoT_baleStorages_baleStorageR_Straw_small_FactoryName" v="Straw Round Bale Storage"/>
		<e k="HoT_baleStorages_baleStorageR_Straw_small_FactoryDescription" v="Straw Round Bale Storage"/>
		<e k="HoT_baleStorages_baleStorageR_Straw_small_productLine" v="Straw Bale Storage"/>
		<e k="HoT_baleStorages_baleStorageR_Straw_small_Input" v="Straw Bale (round)"/>
		<e k="HoT_baleStorages_baleStorageR_Straw_small_Output" v="Straw Bale (round)"/>
		<e k="HoT_baleStorages_baleStorageR_Straw_small_gui_spawnText1" v="Spawn %s Bale"/>
		<e k="HoT_baleStorages_baleStorageR_Straw_small_gui_spawnText2" v="Spawn %s Bales"/>
		
		<e k="HoT_baleStorages_baleStorageR_S_FactoryName" v="Silage Round Bale Storage "/>
		<e k="HoT_baleStorages_baleStorageR_S_FactoryDescription" v="Silage Round Bale Storage"/>
		<e k="HoT_baleStorages_baleStorageR_S_productLine" v="Silage Round Bale "/>
		<e k="HoT_baleStorages_baleStorageR_S_Input" v="Silage Round Bale"/>
		<e k="HoT_baleStorages_baleStorageR_S_Output" v="Silage Round Bale "/>
		<e k="HoT_baleStorages_baleStorageR_S_gui_spawnText1" v="Spawn %s Bale"/>
		<e k="HoT_baleStorages_baleStorageR_S_spawnText2" v="Spawn %s Bales"/>

		<e k="HoT_baleStorages_baleStorageQ_S_FactoryName" v="Silage Square Bale Storage "/>
		<e k="HoT_baleStorages_baleStorageQ_S_FactoryDescription" v="Silage Square Bale Storage"/>
		<e k="HoT_baleStorages_baleStorageQ_S_productLine" v="Silage Square Bale "/>
		<e k="HoT_baleStorages_baleStorageQ_S_Input" v="Silage Square Bale "/>
		<e k="HoT_baleStorages_baleStorageQ_S_Output" v="Silage Square Bale"/>
		<e k="HoT_baleStorages_baleStorageQ_S_gui_spawnText1" v="Spawn %s Bale"/>
		<e k="HoT_baleStorages_baleStorageQ_S_gui_spawnText2" v="Spawn %s Bales"/>
		
		<e k="HoT_baleStorages_baleStorageR_S_small_FactoryName" v="small Silage Round Bale Storage "/>
		<e k="HoT_baleStorages_baleStorageR_S_small_FactoryDescription" v="small Silage Round Bale Storage"/>
		<e k="HoT_baleStorages_baleStorageR_S_small_productLine" v="Silage Round Bale "/>
		<e k="HoT_baleStorages_baleStorageR_S_small_Input" v="Silage Round Bale"/>
		<e k="HoT_baleStorages_baleStorageR_S_small_Output" v="Silage Round Bale "/>
		<e k="HoT_baleStorages_baleStorageR_S_small_gui_spawnText1" v="Spawn %s Bale"/>
		<e k="HoT_baleStorages_baleStorageR_S_small_gui_spawnText2" v="Spawn %s Bales"/>

		<e k="HoT_baleStorages_baleStorageQ_S_small_FactoryName" v="small Silage Square Bale Storage "/>
		<e k="HoT_baleStorages_baleStorageQ_S_small_FactoryDescription" v="small Silage Square Bale Storage"/>
		<e k="HoT_baleStorages_baleStorageQ_S_small_productLine" v="Silage Square Bale "/>
		<e k="HoT_baleStorages_baleStorageQ_S_small_Input" v="Silage Square Bale "/>
		<e k="HoT_baleStorages_baleStorageQ_S_small_Output" v="Silage Square Bale"/>
		<e k="HoT_baleStorages_baleStorageQ_S_small_gui_spawnText1" v="Spawn %s Bale"/>
		<e k="HoT_baleStorages_baleStorageQ_S_small_gui_spawnText2" v="Spawn %s Bales"/>
		
		<e k="HoT_baleStorages_baleStorageR_HS_FactoryName" v="Hay & Straw Bale Storage round"/>
		<e k="HoT_baleStorages_baleStorageR_HS_FactoryDescription" v="Hay & Straw Bale Storage round"/>
		<e k="HoT_baleStorages_baleStorageR_HS_productLine1" v="Hay Bale Storage"/>
		<e k="HoT_baleStorages_baleStorageR_HS_productLine2" v="Straw  Bale Storage"/>
		<e k="HoT_baleStorages_baleStorageR_HS_Input1" v="Hay Bale (round)"/>
		<e k="HoT_baleStorages_baleStorageR_HS_Input2" v="Straw Bale (round)"/>
		<e k="HoT_baleStorages_baleStorageR_HS_Output1" v="Hay Bale (round)"/>
		<e k="HoT_baleStorages_baleStorageR_HS_Output2" v="Straw Bale (round)"/>
		<e k="HoT_baleStorages_baleStorageR_HS_gui_spawnText1" v="Spawn %s Bale"/>
		<e k="HoT_baleStorages_baleStorageR_HS_gui_spawnText2" v="Spawn %s Bales"/>
		
		<e k="HoT_baleStorages_baleStorageQ_HS_FactoryName" v="Hay & Straw Bale Storage (Quarder)"/>
		<e k="HoT_baleStorages_baleStorageQ_HS_FactoryDescription" v="Hay & Straw Bale Storage (Quader)"/>
		<e k="HoT_baleStorages_baleStorageQ_HS_productLine1" v="Hay Bale Storage"/>
		<e k="HoT_baleStorages_baleStorageQ_HS_productLine2" v="traw Bale Storage"/>
		<e k="HoT_baleStorages_baleStorageQ_HS_Input1" v="Hay Bale (round)"/>
		<e k="HoT_baleStorages_baleStorageQ_HS_Input2" v="Straw Bale (round)"/>
		<e k="HoT_baleStorages_baleStorageQ_HS_Output1" v="Hay Bale (round)"/>
		<e k="HoT_baleStorages_baleStorageQ_HS_Output2" v="Straw Bale (round)"/>
		<e k="HoT_baleStorages_baleStorageQ_HS_gui_spawnText1" v="Spawn %s Bale"/>
		<e k="HoT_baleStorages_baleStorageQ_HS_gui_spawnText2" v="Spawn %s Bales"/>
	</elements>
</l10n>