<?xml version="1.0" encoding="UTF-8" standalone="yes" ?>
<l10n>
	<elements>
	<!-- Category -->
		<e k="HoT_baleStorages" v="HoT Ballenlager V2"/>
		<e k="HoT_baleStorages_baleStorageQ_Hay_big_FactoryName" v="Heu Quaderballen Lager"/>
		<e k="HoT_baleStorages_baleStorageQ_Hay_big_FactoryDescription" v="Heu Quaderballen Lager"/>
		<e k="HoT_baleStorages_baleStorageQ_Hay_big_productLine" v="Heu Quaderballen Lager"/>
		<e k="HoT_baleStorages_baleStorageQ_Hay_big_Input" v="Heu Quaderballen"/>
		<e k="HoT_baleStorages_baleStorageQ_Hay_big_Output" v="Heu Quaderballen"/>
		<e k="HoT_baleStorages_baleStorageQ_Hay_big_gui_spawnText1" v="%s Ballen erzeugen"/>
		<e k="HoT_baleStorages_baleStorageQ_Hay_big_gui_spawnText2" v="%s Ballen erzeugen"/>
		
		<e k="HoT_baleStorages_baleStorageQ_Hay_small_FactoryName" v="Kleines Heu Quaderballen Lager"/>
		<e k="HoT_baleStorages_baleStorageQ_Hay_small_FactoryDescription" v="Kleines Heu Quaderballen Lager"/>
		<e k="HoT_baleStorages_baleStorageQ_Hay_small_productLine" v="Heu Quaderballen Lager"/>
		<e k="HoT_baleStorages_baleStorageQ_Hay_small_Input" v="Heu Quaderballen"/>
		<e k="HoT_baleStorages_baleStorageQ_Hay_small_Output" v="Heu Quaderballen"/>
		<e k="HoT_baleStorages_baleStorageQ_Hay_small_gui_spawnText1" v="%s Ballen erzeugen"/>
		<e k="HoT_baleStorages_baleStorageQ_Hay_small_gui_spawnText2" v="%s Ballen erzeugen"/>
		
		<e k="HoT_baleStorages_baleStorageQ_Straw_big_FactoryName" v="Stroh Quaderballen Lager"/>
		<e k="HoT_baleStorages_baleStorageQ_Straw_big_FactoryDescription" v="Stroh Quaderballen Lager"/>
		<e k="HoT_baleStorages_baleStorageQ_Straw_big_productLine" v="Stroh Quaderballen Lager"/>
		<e k="HoT_baleStorages_baleStorageQ_Straw_big_Input" v="Stroh Quaderballen"/>
		<e k="HoT_baleStorages_baleStorageQ_Straw_big_Output" v="Stroh Quaderballen"/>
		<e k="HoT_baleStorages_baleStorageQ_Straw_big_gui_spawnText1" v="%s Ballen erzeugen"/>
		<e k="HoT_baleStorages_baleStorageQ_Straw_big_gui_spawnText2" v="%s Ballen erzeugen"/>
		
		<e k="HoT_baleStorages_baleStorageQ_Straw_small_FactoryName" v="Kleines Stroh Quaderballen Lager"/>
		<e k="HoT_baleStorages_baleStorageQ_Straw_small_FactoryDescription" v="Kleines Stroh Quaderballen Lager"/>
		<e k="HoT_baleStorages_baleStorageQ_Straw_small_productLine" v="Stroh Quaderballen Lager"/>
		<e k="HoT_baleStorages_baleStorageQ_Straw_small_Input" v="Stroh Quaderballen"/>
		<e k="HoT_baleStorages_baleStorageQ_Straw_small_Output" v="Stroh Quaderballen"/>
		<e k="HoT_baleStorages_baleStorageQ_Straw_small_gui_spawnText1" v="%s Ballen erzeugen"/>
		<e k="HoT_baleStorages_baleStorageQ_Straw_small_gui_spawnText2" v="%s Ballen erzeugen"/>
		
		<e k="HoT_baleStorages_baleStorageR_Hay_big_FactoryName" v="Heu Rundballen Lager"/>
		<e k="HoT_baleStorages_baleStorageR_Hay_big_FactoryDescription" v="Heu Rundballen Lager"/>
		<e k="HoT_baleStorages_baleStorageR_Hay_big_productLine" v="Heu Rundballen Lager"/>
		<e k="HoT_baleStorages_baleStorageR_Hay_big_Input" v="Heu Rundballen"/>
		<e k="HoT_baleStorages_baleStorageR_Hay_big_Output" v="Heu Rundballen"/>
		<e k="HoT_baleStorages_baleStorageR_Hay_big_gui_spawnText1" v="%s Ballen erzeugen"/>
		<e k="HoT_baleStorages_baleStorageR_Hay_big_gui_spawnText2" v="%s Ballen erzeugen"/>
		
		<e k="HoT_baleStorages_baleStorageR_Hay_small_FactoryName" v="Kleines Heu Rundballen Lager"/>
		<e k="HoT_baleStorages_baleStorageR_Hay_small_FactoryDescription" v="Kleines Heu Rundballen Lager"/>
		<e k="HoT_baleStorages_baleStorageR_Hay_small_productLine" v="Heu Rundballen Lager"/>
		<e k="HoT_baleStorages_baleStorageR_Hay_small_Input" v="Heu Rundballen"/>
		<e k="HoT_baleStorages_baleStorageR_Hay_small_Output" v="Heu Rundballen"/>
		<e k="HoT_baleStorages_baleStorageR_Hay_small_gui_spawnText1" v="%s Ballen erzeugen"/>
		<e k="HoT_baleStorages_baleStorageR_Hay_small_gui_spawnText2" v="%s Ballen erzeugen"/>
		
		<e k="HoT_baleStorages_baleStorageR_Straw_big_FactoryName" v="Stroh Rundballen Lager"/>
		<e k="HoT_baleStorages_baleStorageR_Straw_big_FactoryDescription" v="Stroh Rundballen Lager"/>
		<e k="HoT_baleStorages_baleStorageR_Straw_big_productLine" v="Stroh Rundballen Lager"/>
		<e k="HoT_baleStorages_baleStorageR_Straw_big_Input" v="Stroh Rundballen"/>
		<e k="HoT_baleStorages_baleStorageR_Straw_big_Output" v="Stroh Rundballen"/>
		<e k="HoT_baleStorages_baleStorageR_Straw_big_gui_spawnText1" v="%s Ballen erzeugen"/>
		<e k="HoT_baleStorages_baleStorageR_Straw_big_gui_spawnText2" v="%s Ballen erzeugen"/>
		
		<e k="HoT_baleStorages_baleStorageR_Straw_small_FactoryName" v="Kleines Stroh Rundballen Lager"/>
		<e k="HoT_baleStorages_baleStorageR_Straw_small_FactoryDescription" v="Kleines Stroh Rundballen Lager"/>
		<e k="HoT_baleStorages_baleStorageR_Straw_small_productLine" v="Stroh Rundballen Lager"/>
		<e k="HoT_baleStorages_baleStorageR_Straw_small_Input" v="Stroh Rundballen)"/>
		<e k="HoT_baleStorages_baleStorageR_Straw_small_Output" v="Stroh Rundballen"/>
		<e k="HoT_baleStorages_baleStorageR_Straw_small_gui_spawnText1" v="%s Ballen erzeugen"/>
		<e k="HoT_baleStorages_baleStorageR_Straw_small_gui_spawnText2" v="%s Ballen erzeugen"/>
		
		<e k="HoT_baleStorages_baleStorageR_S_FactoryName" v="Silage Rundballen Lager "/>
		<e k="HoT_baleStorages_baleStorageR_S_FactoryDescription" v="Silage Rundballen Lager"/>
		<e k="HoT_baleStorages_baleStorageR_S_productLine" v="Silage Rundballen Lager"/>
		<e k="HoT_baleStorages_baleStorageR_S_Input" v="Silage Rundballen"/>
		<e k="HoT_baleStorages_baleStorageR_S_Output" v="Silage Rundballen"/>
		<e k="HoT_baleStorages_baleStorageR_S_gui_spawnText1" v="%s Ballen erzeugen"/>
		<e k="HoT_baleStorages_baleStorageR_S_gui_spawnText2" v="%s Ballen erzeugen"/>

		<e k="HoT_baleStorages_baleStorageQ_S_FactoryName" v="Silage Quaderballen Lager"/>
		<e k="HoT_baleStorages_baleStorageQ_S_FactoryDescription" v="Silage Quaderballen Lager"/>
		<e k="HoT_baleStorages_baleStorageQ_S_productLine" v="Silage Quaderballen"/>
		<e k="HoT_baleStorages_baleStorageQ_S_Input" v="Silage Quaderballen"/>
		<e k="HoT_baleStorages_baleStorageQ_S_Output" v="Silage Quaderballen"/>
		<e k="HoT_baleStorages_baleStorageQ_S_gui_spawnText1" v="%s Ballen erzeugen"/>
		<e k="HoT_baleStorages_baleStorageQ_S_gui_spawnText2" v="%s Ballen erzeugen"/>
		
		<e k="HoT_baleStorages_baleStorageR_S_small_FactoryName" v="kleines Silage Rundballen Lager "/>
		<e k="HoT_baleStorages_baleStorageR_S_small_FactoryDescription" v="kleines Silage Rundballen Lager"/>
		<e k="HoT_baleStorages_baleStorageR_S_small_productLine" v="Silage Rundballen"/>
		<e k="HoT_baleStorages_baleStorageR_S_small_Input" v="Silage Rundballen"/>
		<e k="HoT_baleStorages_baleStorageR_S_small_Output" v="Silage Rundballen"/>
		<e k="HoT_baleStorages_baleStorageR_S_small_gui_spawnText1" v="%s Ballen erzeugen"/>
		<e k="HoT_baleStorages_baleStorageR_S_small_gui_spawnText2" v="%s Ballen erzeugen"/>

		<e k="HoT_baleStorages_baleStorageQ_S_small_FactoryName" v="kleines Silage Quaderballen Lager"/>
		<e k="HoT_baleStorages_baleStorageQ_S_small_FactoryDescription" v="kleines Silage Quaderballen Lager"/>
		<e k="HoT_baleStorages_baleStorageQ_S_small_productLine" v="Silage Quaderballen"/>
		<e k="HoT_baleStorages_baleStorageQ_S_small_Input" v="Silage Quaderballen"/>
		<e k="HoT_baleStorages_baleStorageQ_S_small_Output" v="Silage Quaderballen"/>
		<e k="HoT_baleStorages_baleStorageQ_S_small_gui_spawnText1" v="%s Ballen erzeugen"/>
		<e k="HoT_baleStorages_baleStorageQ_S_small_gui_spawnText2" v="%s Ballen erzeugen"/>
		
		<e k="HoT_baleStorages_baleStorageR_HS_FactoryName" v="Heu & Stroh Ballenlager (rund)"/>
		<e k="HoT_baleStorages_baleStorageR_HS_FactoryDescription" v="Heu & Stroh Ballenlager (rund)"/>
		<e k="HoT_baleStorages_baleStorageR_HS_productLine1" v="Heulager"/>
		<e k="HoT_baleStorages_baleStorageR_HS_productLine2" v="Strohlager"/>
		<e k="HoT_baleStorages_baleStorageR_HS_Input1" v="Heuballen rund"/>
		<e k="HoT_baleStorages_baleStorageR_HS_Input2" v="Strohballen rund"/>
		<e k="HoT_baleStorages_baleStorageR_HS_Output1" v="Heuballen rund"/>
		<e k="HoT_baleStorages_baleStorageR_HS_Output2" v="Strohballen rund"/>
		<e k="HoT_baleStorages_baleStorageR_HS_gui_spawnText1" v="%s Ballen erzeugen"/>
		<e k="HoT_baleStorages_baleStorageR_HS_gui_spawnText2" v="%s Ballen erzeugen"/>
		
		<e k="HoT_baleStorages_baleStorageQ_HS_FactoryName" v="Heu & Stroh Ballenlager (Quarder)"/>
		<e k="HoT_baleStorages_baleStorageQ_HS_FactoryDescription" v="Heu & Stroh Ballenlager (Quader)"/>
		<e k="HoT_baleStorages_baleStorageQ_HS_productLine1" v="Heulager"/>
		<e k="HoT_baleStorages_baleStorageQ_HS_productLine2" v="Strohlager"/>
		<e k="HoT_baleStorages_baleStorageQ_HS_Input1" v="Heuballen"/>
		<e k="HoT_baleStorages_baleStorageQ_HS_Input2" v="Strohballen"/>
		<e k="HoT_baleStorages_baleStorageQ_HS_Output1" v="Heuballen"/>
		<e k="HoT_baleStorages_baleStorageQ_HS_Output2" v="Strohballen"/>
		<e k="HoT_baleStorages_baleStorageQ_HS_gui_spawnText1" v="%s Ballen erzeugen"/>
		<e k="HoT_baleStorages_baleStorageQ_HS_gui_spawnText2" v="%s Ballen erzeugen"/>
	</elements>
</l10n>