﻿<?xml version="1.0" encoding="utf-8" standalone="no" ?>
<modDesc descVersion="44">
	<author>HoT online Team /San Andreas - LS-Modcompany / kevink98 - Eribus</author>
    <version>2.0.2.19</version>
    
	<title>
        <en>HoT Bale Storages V2</en>
    </title>
    
	<description>
		<en><![CDATA[Bale Storages



Information: Mod is only usable in combination with GlobalCompany!]]>
		</en>
		<de><![CDATA[Ballenlager



Information: Mod nur in Verbindung mit GlobalCompany spielbar!]]>
		</de>
		
	</description>
    
	<iconFilename>HoT_BallenLager.dds</iconFilename>
    <multiplayer supported="true"/>  
	
	<l10n>
		<text name="function_baleStorageQ_hay_big">
			<en>Hay Square Bale Storage for 125 bales</en>
			<de>Heu Quaderballenlager für 125 Ballen</de>			
		</text>	
		<text name="function_baleStorageQ_Straw_big">
			<en>Straw Square Bale Storage for 125 bales</en>
			<de>Stroh Quaderballenlager für 125 Ballen</de>			
		</text>	
		<text name="function_baleStorageQ_Hay_small">
			<en>small Hay Square Bale Storage for 30 bales</en>
			<de>kleines Heu Quaderballen Lager für 30 Ballen</de>			
		</text>	
		<text name="function_baleStorageQ_Straw_small">
			<en>small Straw Square Bale Storage for 30 bales</en>
			<de>kleines Stroh Quaderballen Lager für 30 Ballen</de>			
		</text>	
		<text name="function_baleStorageR_Hay_big">
			<en>Hay Round Bale Storage for 126 bales</en>
			<de>Heu Rundballenlager für 126 Ballen</de>			
		</text>	
		<text name="function_baleStorageR_Straw_big">
			<en>Straw Round Bale Storage for 126 bales</en>
			<de>Stroh Rundballenlager für 126 Ballen</de>			
		</text>	
		<text name="function_baleStorageR_Hay_small">
			<en>small Hay Square Bale Storage for 30 bales</en>
			<de>kleines Heu Quaderballen Lager für 30 Ballen</de>			
		</text>	
		<text name="function_baleStorageR_Straw_small">
			<en>small Straw Square Bale Storage for 30 bales</en>
			<de>kleines Stroh Quaderballen Lager für 30 Ballen</de>			
		</text>
		<text name="squareBaleSilage">
			<en>Squarebale Silage</en>
			<de>Silage Quaderballen</de>			
		</text>
		<text name="function_baleStorageQ_S">
			<en>Silage Square Balestorage for 160 Bales</en>
			<de>Silage Quaderballenlager für 160 Ballen</de>			
		</text>	
		<text name="function_baleStorageQ_S_small">
			<en>Silage Square Balestorage for 30 Bales</en>
			<de>kleines Silage Quaderballenlager für 30 Ballen</de>			
		</text>	
		<text name="function_baleStorageR_S">
			<en>Silage Round Balestorage for 135 Bales</en>
			<de>Silage Rundballenlager für 135 Ballen</de>			
		</text>
		<text name="function_baleStorageR_S_small">
			<en>small Silage Round Balestorage for 30 Bales</en>
			<de>kleines Silage Rundballenlager für 30 Ballen</de>			
		</text>
		<text name="function_baleStorageR_HS">
			<en>Hay and Straw Balestorage for 195 Bales</en>
			<de>Hey und Strohballenhalle für jeweils 195 Ballen</de>			
		</text>		
		<text name="function_baleStorageQ_HS">
			<en>Hay and Straw Balestorage for 210 Bales</en>
			<de>Hey und Strohballenhalle für jeweils 210 Ballen</de>			
		</text>
	</l10n>	

	<extraSourceFiles>
		<sourceFile filename="GC_Checker.lua" />
    </extraSourceFiles>
	
	<globalCompany minimumVersion="1.1.0.0" />
  	
	<storeItems>
		<storeItem xmlFilename="baleStorageQ_Hay_big.xml"/>
        <storeItem xmlFilename="baleStorageQ_Hay_small.xml"/>
		<storeItem xmlFilename="baleStorageQ_Straw_big.xml"/>
        <storeItem xmlFilename="baleStorageQ_Straw_small.xml"/>
		<storeItem xmlFilename="baleStorageQ_S.xml"/>
		<storeItem xmlFilename="baleStorageQ_S_small.xml"/>
		<storeItem xmlFilename="baleStorageQ_HS.xml"/>
		<storeItem xmlFilename="baleStorageR_Hay_big.xml"/>
		<storeItem xmlFilename="baleStorageR_Hay_small.xml"/>
		<storeItem xmlFilename="baleStorageR_Straw_big.xml"/>
		<storeItem xmlFilename="baleStorageR_Straw_small.xml"/>
		<storeItem xmlFilename="baleStorageR_S.xml"/>
		<storeItem xmlFilename="baleStorageR_S_small.xml"/>
		<storeItem xmlFilename="baleStorageR_HS.xml"/>
		<storeItem xmlFilename="buyablesquareBales_Silage.xml"/> 
    </storeItems>

    <brands>
        <brand name="HOTTOOLS" title="HoT-Tools" image="brand.dds"/>
    </brands>
</modDesc>