<?xml version="1.0" encoding="utf-8" standalone="no" ?>
<placeable>
    <storeData>
        <name>$l10n_shopItem_fuelstation</name>
		<functions>
            <function>$l10n_function_fuelstation</function>
        </functions>
        <image>store_fuelstation.png</image>
        <price>14000</price>
        <canBeSold>true</canBeSold>
        <showInStore>true</showInStore>
        <lifetime>1000</lifetime>
        <rotation>0</rotation>
        <brand>VDI</brand>
        <species>placeable</species>
        <category>placeableMisc</category>
        <vertexBufferMemoryUsage>239840</vertexBufferMemoryUsage>
        <indexBufferMemoryUsage>24150</indexBufferMemoryUsage>
        <textureMemoryUsage>11184968</textureMemoryUsage>
        <instanceVertexBufferMemoryUsage>0</instanceVertexBufferMemoryUsage>
        <instanceIndexBufferMemoryUsage>0</instanceIndexBufferMemoryUsage>
    </storeData>

    <placeableType>buyingStation</placeableType>
    <filename>fuelstation.i3d</filename>
    <placement testSizeX="6" testSizeZ="3" sizeX="5.5" sizeZ="2.5" useRandomYRotation="false" useManualYRotation="true" />

    <buyingStation stationName="$l10n_station_gasStation" appearsOnPDA="true" storageRadius="0" fillSoundIdentifier="fillSound01" hotspotTextOffset="0px 36px">
        <loadTrigger triggerNode="1" fillLitersPerSecond="20" autoStart="false"/>
        <fillType name="diesel" priceScale="0.85" />
    </buyingStation>
	
	<clearAreas>
        <clearArea startNode="2|0" widthNode="2|0|0" heightNode="2|0|1"/>
    </clearAreas>

	<leveling requireLeveling="true" maxSmoothDistance="10" maxSlope="75" maxEdgeAngle="30">
        <levelAreas>
            <levelArea startNode="3|0" widthNode="3|0|0" heightNode="3|0|1" groundType="asphalt"/>
            <levelArea startNode="3|1" widthNode="3|1|0" heightNode="3|1|1" groundType="dirt"/>
        </levelAreas>
        <rampAreas>
            <rampArea maxSlope="30" rootNode="4|0" startNode="4|0" widthNode="4|0|0" heightNode="4|0|1" groundType="asphalt"/>
            <rampArea maxSlope="30" rootNode="4|1" startNode="4|1" widthNode="4|1|0" heightNode="4|1|1" groundType="asphalt"/>
        </rampAreas>
    </leveling>
	
</placeable>
