﻿<?xml version="1.0" encoding="utf-8" standalone="no" ?>
<modDesc descVersion="42">
    <author>VertexDezign</author>
    <version>1.0.0.0</version>
    <title>
        <en>Fuel Station</en>
		<de>Tankstelle</de>
    </title>
    <description>
        <en>
            <![CDATA[The fuel station is best used for a bigger farm property. Keep your mashines fueled up for the next long workday without driving to the next local fuel station.
]]>
        </en>
        <de>
            <![CDATA[Die Tankstelle inklusive Zapfanlage ist der ideale Logistikpartner auf Deinem Lohnunternehmer Hof.
]]>
        </de>
        <fr>
            <![CDATA[The fuel station is best used for a bigger farm property. Keep your mashines fueled up for the next long workday without driving to the next local fuel station.
]]>
        </fr>
    </description>
    <iconFilename>icon.dds</iconFilename>
    <multiplayer supported="true" />
    
    <storeItems>
        <storeItem xmlFilename="fuelstation.xml"/>
    </storeItems>
	
	<brands>
		<brand name="VDI" title="Vertexdezign Industries" image="brand_vdi.dds"/>
	</brands>
	
	<l10n>
		<text name="shopItem_fuelstation">
            <en>Fuelstation Eco Pro</en>
			<de>Tankstelle Eco Pro</de>
        </text>
		<text name="function_fuelstation">
            <en>The fueltank can be placed on a small footprint on your farm. Save the long way to the next local fuelstation.</en>
            <de>Der Dieseltank kann auf einer kleinen Fläche auf deinem Hof platziert werden. Spare dir dadurch den Weg zur nächsten öffentlichen Tankstelle.</de>
        </text>
	</l10n>
</modDesc>
