﻿<?xml version="1.0" encoding="utf-8" standalone="no" ?>
<modDesc descVersion="46">
    <author>ZoddelZockt</author>
    <version>1.0.0.0</version>
    <title>
        <en>Wool Storage</en>
		<de>Wollelager</de>
		<fr>Stockage De La Laine</fr>
    </title>
    <description>
<en><![CDATA[Warehouse for storage of wool. 

Storage for wool pallets and packs them around on 10000l pallets.
Purchase price: 12500 €, price per day 10 €, capacity 600000l

Mod is only usable in combination with GlobalCompany!]]></en>
<de><![CDATA[Lagerhaus zur Lagerung von Wolle. 

Lager für Wollepaletten ein und Verpackt sie um auf 10000l Paletten.
Kaufpreis: 12500 €, Preis pro Tag 10 €, Kapazität 600000l

Mod nur in Verbindung mit GlobalCompany spielbar!]]></de>
<fr><![CDATA[Entrepôt pour le stockage de la laine. 
	
Stockage des palettes en laine et emballage sur palettes de 10000l.
Prix d'achat : 12500 €, prix par jour 10 €, capacité 600000l
		
Mod jouable uniquement en combinaison avec GlobalCompany!]]></fr>
	</description>
    
	<iconFilename>icon.dds</iconFilename>
    <multiplayer supported="true" />
	
	<l10n>
		<text name="function_woolStorage">
			<en><![CDATA[Warehouse for storage of wool.]]></en>
			<de><![CDATA[Lagerhaus zur Lagerung von Wolle.]]></de>
			<fr><![CDATA[Entrepôt pour le stockage de la laine.]]></fr>	
		</text>	
	</l10n>	
	
	<extraSourceFiles>
		<sourceFile filename="GC_Checker.lua" />
    </extraSourceFiles>
	
	<globalCompany minimumVersion="1.0.0.0" />
  	
	<storeItems>
		<storeItem xmlFilename="woolStorage.xml"/>
		<storeItem xmlFilename="woolPalett.xml"/>
    </storeItems>

</modDesc>
