<?xml version="1.0" encoding="utf-8" standalone="no" ?>
<vehicle type="pallet">
    <storeData>
        <name>
			<de>Wollepalette</de>
			<en>Wool Palett</en>
			<fr>Palette en laine</fr>
		</name>
        <image>store_wollePalette.dds</image>
        <price>1</price>
        <canBeSold>false</canBeSold>
		<showInStore>false</showInStore>
        <rotation>0</rotation>
		<species>bigbag</species>
        <category>placeableMisc</category>
        <brand>Lizard</brand>
    </storeData>

    <base>
        <filename>woolPalett.i3d</filename>
        <size width="2" length="2" />
        <input allowed="false"/>
        <canBeReset>false</canBeReset>
        <components>
            <component centerOfMass="0 0.1 0" solverIterationCount="10" mass="300" />
        </components>
    </base>

    <animations>
        <animation name="pelletAnimation"> 
            <part node="box16"  startTime="0.0000" endTime="0.0625" visibility="false" />
            <part node="box16"  startTime="0.0625" endTime="1.0000" visibility="true" />
            <part node="box15"  startTime="0.0000" endTime="0.1250" visibility="false" />
            <part node="box15"  startTime="0.1250" endTime="1.0000" visibility="true" />
            <part node="box14"  startTime="0.0000" endTime="0.1875" visibility="false" />
            <part node="box14"  startTime="0.1875" endTime="1.0000" visibility="true" />
            <part node="box13"  startTime="0.0000" endTime="0.2500" visibility="false" />
            <part node="box13"  startTime="0.2500" endTime="1.0000" visibility="true" />
            <part node="box12"  startTime="0.0000" endTime="0.3125" visibility="false" />
            <part node="box12"  startTime="0.3125" endTime="1.0000" visibility="true" />
            <part node="box11"  startTime="0.0000" endTime="0.3750" visibility="false" />
            <part node="box11"  startTime="0.3750" endTime="1.0000" visibility="true" />
            <part node="box10"  startTime="0.0000" endTime="0.4375" visibility="false" />
            <part node="box10"  startTime="0.4375" endTime="1.0000" visibility="true" />
			<part node="box09"  startTime="0.0000" endTime="0.5000" visibility="false" />
            <part node="box09"  startTime="0.5000" endTime="1.0000" visibility="true" />
            <part node="box08"  startTime="0.0000" endTime="0.5625" visibility="false" />
            <part node="box08"  startTime="0.5625" endTime="1.0000" visibility="true" />
            <part node="box07"  startTime="0.0000" endTime="0.6250" visibility="false" />
            <part node="box07"  startTime="0.6250" endTime="1.0000" visibility="true" />
            <part node="box06"  startTime="0.0000" endTime="0.6875" visibility="false" />
            <part node="box06"  startTime="0.6875" endTime="1.0000" visibility="true" />
            <part node="box05"  startTime="0.0000" endTime="0.7500" visibility="false" />
            <part node="box05"  startTime="0.7500" endTime="1.0000" visibility="true" />
            <part node="box04"  startTime="0.0000" endTime="0.8125" visibility="false" />
            <part node="box04"  startTime="0.8125" endTime="1.0000" visibility="true" />
            <part node="box03"  startTime="0.0000" endTime="0.8750" visibility="false" />
            <part node="box03"  startTime="0.8750" endTime="1.0000" visibility="true" />
            <part node="box02"  startTime="0.0000" endTime="0.9375" visibility="false" />
            <part node="box02"  startTime="0.9375" endTime="1.0000" visibility="true" />
			<part node="box01"  startTime="0.0000" endTime="1.0000" visibility="false" />
            <part node="box01"  startTime="1.0000" endTime="1.0000" visibility="true" />
   
            <part node="tensionBeltNode"  startTime="0" endTime="1.000" startScale="1 0.1 1" endScale="1 1 1"/>
        </animation>
    </animations>

    <fillUnit>
        <fillUnitConfigurations>
            <fillUnitConfiguration>
                <fillUnits removeVehicleIfEmpty="true">
                    <fillUnit unit="$l10n_unit_literShort" fillTypes="wool" capacity="10000" startFillType="wool" startFillLevel="10000" >
                        <fillRootNode index="0>" />
                        <dashboard displayType="ANIMATION" valueType="fillLevel" animName="pelletAnimation" />
                    </fillUnit>
                </fillUnits>
            </fillUnitConfiguration>
        </fillUnitConfigurations>
    </fillUnit>

     <dischargeable requiresTipOcclusionArea="false">
        <dischargeNode node="dischargeTrigger" emptySpeed="1000" fillUnitIndex="1" maxDistance="6" canStartDischargeAutomatically="true" />
    </dischargeable>

    <fillTriggerVehicle triggerNode="fillTrigger" fillUnitIndex="1" litersPerSecond="3000"/>

    <dynamicMount triggerNode="dynamicMountTrigger" />

    <tensionBeltObject>
        <meshNodes>
            <meshNode node="tensionBeltNode"/>
        </meshNodes>
    </tensionBeltObject>

    <i3dMappings>
		<i3dMapping id="dynamicMountTrigger" node="0" />
		<i3dMapping id="tensionBeltNode" node="1" />
		<i3dMapping id="fillTrigger" node="3" />
		<i3dMapping id="dischargeTrigger" node="3"/>
		<i3dMapping id="box01" node="2|0|0|0"/>
		<i3dMapping id="box02" node="2|0|0|1"/>
		<i3dMapping id="box03" node="2|0|0|2"/>
		<i3dMapping id="box04" node="2|0|0|3"/>
		<i3dMapping id="box05" node="2|0|1|0"/>
		<i3dMapping id="box06" node="2|0|1|1"/>
		<i3dMapping id="box07" node="2|0|1|2"/>
		<i3dMapping id="box08" node="2|0|1|3"/>
		<i3dMapping id="box09" node="2|0|2|0"/>
		<i3dMapping id="box10" node="2|0|2|1"/>
		<i3dMapping id="box11" node="2|0|2|2"/>
		<i3dMapping id="box12" node="2|0|2|3"/>
		<i3dMapping id="box13" node="2|0|3|0"/>
		<i3dMapping id="box14" node="2|0|3|1"/>
		<i3dMapping id="box15" node="2|0|3|2"/>
		<i3dMapping id="box16" node="2|0|3|3"/>
    </i3dMappings>
</vehicle>
