<?xml version="1.0" encoding="utf-8" standalone="no" ?>
<placeable>
	<storeData>
        <name>
            <de>Wollelager</de>
			<en>Wool Storage</en>
			<fr>Stockage de la laine</fr>
        </name>
        <image>store.dds</image>
        <price>12500</price>
        <functions>
            <function>$l10n_function_woolStorage</function>
        </functions>
        <lifetime>1000</lifetime>
        <dailyUpkeep>10</dailyUpkeep>
        <canBeSold>true</canBeSold>
        <showInStore>true</showInStore>
        <rotation>0</rotation>
        <brand>Lizard</brand>
		<specs>
            <capacity>600000</capacity>
            <fillTypes>wool</fillTypes>
        </specs>
        <species>placeable</species>
        <category>globalCompanyPlaceable</category>
    </storeData>

    <placeableType>GC_ProductionFactoryPlaceable</placeableType>
    <filename>wolleLager.i3d</filename>
    <placement testSizeX="9" testSizeZ="7" sizeX="4" sizeZ="3" useRandomYRotation="false" useManualYRotation="true" />

    <clearAreas>
        <clearArea startNode="1|0" widthNode="1|0|0" heightNode="1|0|1"/>
    </clearAreas>
	
	<leveling requireLeveling="true" maxSmoothDistance="10" maxSlope="75" maxEdgeAngle="30">
        <levelAreas>
            <levelArea startNode="1|0" widthNode="1|0|0" heightNode="1|0|1" groundType="asphalt"/>
        </levelAreas>
    </leveling>
	
	<seasons>
        <maskAreas>
            <maskArea startNode="1|0" widthNode="1|0|0" heightNode="1|0|1" />
        </maskAreas>
    </seasons>
   
    <productionFactories>
		<productionFactory indexName="WOOLSTORAGE" saveId="FS19_WoolStorageShed">
			<guiInformation title="FS19_WoolStorageShed_FactoryName" imageFilename="store.dds" description="FS19_WoolStorageShed_FactoryDescription"/>
			
			<operation updateDelayMinutes="10" showInGlobalGUI="true" />
			
			<registerUnloadingTriggers>
				<unloadingTrigger name="UnloadingTriggerWool" exactFillRootNode="exactFillRootNode" />
			</registerUnloadingTriggers>

			<registerLoadingTriggers>
				<loadingTrigger name="LoadingTriggerWool" triggerNode="trigger" fillLitersPerSecond="500" autoStart="true">
					<dischargeInfo dischargeNode="dischargeNode" />
				</loadingTrigger>
			</registerLoadingTriggers>
			
			<registerInputProducts>				
				<inputProduct name="IP_WOOL" capacity="200000" title="FS19_WoolStorageShed_Input" > 
					<fillTypes>
						<fillType name="wool" />
					</fillTypes>
					
					<inputMethods>
						<unloadingTrigger name="UnloadingTriggerWool"/>
					</inputMethods>
					
					<digitalDisplays>
					<display displayType="LEVEL" numbers="IP_Display" emptyNumberColor="0 1 0 1" numberColor="1 1 0 1" fullNumberColor="1 0 0 1"/>
				</digitalDisplays>
					<visibilityNodes>
						<nodeGroup hasChildCollisions="true">	
							<child node="woolPack01" />
							<child node="woolPack02" />
							<child node="woolPack03" />
							<child node="woolPack04" />
							<child node="woolPack05" />
							<child node="woolPack06" />
							<child node="woolPack07" />
							<child node="woolPack08" />
							<child node="woolPack09" />
							<child node="woolPack10" />
							<child node="woolPack11" />
							<child node="woolPack12" />
							<child node="woolPack13" />
							<child node="woolPack14" />
							<child node="woolPack15" />
							<child node="woolPack16" />
							<child node="woolPack17" />
							<child node="woolPack18" />
							<child node="woolPack19" />
							<child node="woolPack20" />
							<child node="woolPack21" />
							<child node="woolPack22" />
							<child node="woolPack23" />
							<child node="woolPack24" />
							<child node="woolPack25" />
							<child node="woolPack26" />
							<child node="woolPack27" />
							<child node="woolPack28" />
							<child node="woolPack29" />
							<child node="woolPack30" />
							<child node="woolPack31" />
							<child node="woolPack32" />
							<child node="woolPack33" />
							<child node="woolPack34" />
							<child node="woolPack35" />
							<child node="woolPack36" />
							<child node="woolPack37" />
							<child node="woolPack38" />
							<child node="woolPack39" />
							<child node="woolPack40" />
							<child node="woolPack41" />
							<child node="woolPack42" />
							<child node="woolPack43" />
							<child node="woolPack44" />
							<child node="woolPack45" />
							<child node="woolPack46" />
							<child node="woolPack47" />
							<child node="woolPack48" />
							<child node="woolPack49" />
							<child node="woolPack50" />
							<child node="woolPack51" />
							<child node="woolPack52" />
							<child node="woolPack53" />
							<child node="woolPack54" />
							<child node="woolPack55" />
							<child node="woolPack56" />
							<child node="woolPack57" />
							<child node="woolPack58" />
							<child node="woolPack59" />
							<child node="woolPack60" />
							<child node="woolPack61" />
							<child node="woolPack62" />
							<child node="woolPack63" />
							<child node="woolPack64" />
							<child node="woolPack65" />
							<child node="woolPack66" />
							<child node="woolPack67" />
							<child node="woolPack68" />
							<child node="woolPack69" />
							<child node="woolPack70" />
							<child node="woolPack71" />
							<child node="woolPack72" />
							<child node="woolPack73" />
							<child node="woolPack74" />
							<child node="woolPack75" />
							<child node="woolPack76" />
							<child node="woolPack77" />
							<child node="woolPack78" />
							<child node="woolPack79" />
							<child node="woolPack80" />
							<child node="woolPack81" />
							<child node="woolPack82" />
							<child node="woolPack83" />
							<child node="woolPack84" />
							<child node="woolPack85" />
							<child node="woolPack86" />
							<child node="woolPack87" />
							<child node="woolPack88" />
							<child node="woolPack89" />
							<child node="woolPack90" />
							<child node="woolPack91" />
							<child node="woolPack92" />
							<child node="woolPack93" />
							<child node="woolPack94" />
							<child node="woolPack95" />
							<child node="woolPack96" />
							<child node="woolPack97" />
							<child node="woolPack98" />
							<child node="woolPack99" />
							<child node="woolPack100" />
							<child node="woolPack101" />
							<child node="woolPack102" />
							<child node="woolPack103" />
							<child node="woolPack104" />
							<child node="woolPack105" />
							<child node="woolPack106" />
							<child node="woolPack107" />
							<child node="woolPack108" />
							<child node="woolPack109" />
							<child node="woolPack110" />
							<child node="woolPack111" />
							<child node="woolPack112" />
							<child node="woolPack113" />
							<child node="woolPack114" />
							<child node="woolPack115" />
							<child node="woolPack116" />
							<child node="woolPack117" />
							<child node="woolPack118" />
							<child node="woolPack119" />
							<child node="woolPack120" />
						</nodeGroup>
					</visibilityNodes>
					
				</inputProduct>
			</registerInputProducts>
			
		<registerOutputProducts>
			<outputProduct name="OP_WOOL" fillType="wool" capacity="400000" >
				<outputMethods>
					<loadingTrigger name="LoadingTriggerWool" />
					<objectSpawner capacity="10000" xmlFilename="woolPalett.xml">
						<area startNode="start1" endNode="end1" />
						<area startNode="start2" endNode="end2" />
						<area startNode="start3" endNode="end3" />
						<area startNode="start4" endNode="end4" />
						<area startNode="start5" endNode="end5" />
						<area startNode="start6" endNode="end6" />
					</objectSpawner>
				</outputMethods>	
				<digitalDisplays>
					<display displayType="LEVEL" numbers="OP_Display" emptyNumberColor="0 1 0 1" numberColor="1 1 0 1" fullNumberColor="1 0 0 1"/>
				</digitalDisplays>
					<visibilityNodes>
						<nodeGroup hasChildCollisions="true">	
							<child node="paletteP1B01" />
							<child node="paletteP1B02" />
							<child node="paletteP1B03" />
							<child node="paletteP1B04" />
							<child node="paletteP1B05" />
							<child node="paletteP1B06" />
							<child node="paletteP1B07" />
							<child node="paletteP1B08" />
							<child node="paletteP1B09" />
							<child node="paletteP1B10" />
							<child node="paletteP1B11" />
							<child node="paletteP1B12" />
							<child node="paletteP1B13" />
							<child node="paletteP1B14" />
							<child node="paletteP1B15" />
							<child node="paletteP1B16" />
							<child node="paletteP1B17" />
							<child node="paletteP1B18" />
							<child node="paletteP1B19" />
							<child node="paletteP1B20" />
							<child node="paletteP2B01" />
							<child node="paletteP2B02" />
							<child node="paletteP2B03" />
							<child node="paletteP2B04" />
							<child node="paletteP2B05" />
							<child node="paletteP2B06" />
							<child node="paletteP2B07" />
							<child node="paletteP2B08" />
							<child node="paletteP2B09" />
							<child node="paletteP2B10" />
							<child node="paletteP2B11" />
							<child node="paletteP2B12" />
							<child node="paletteP2B13" />
							<child node="paletteP2B14" />
							<child node="paletteP2B15" />
							<child node="paletteP2B16" />
							<child node="paletteP2B17" />
							<child node="paletteP2B18" />
							<child node="paletteP2B19" />
							<child node="paletteP2B20" />
						</nodeGroup>
					</visibilityNodes>
				</outputProduct>	
			</registerOutputProducts>
			
			<productLines>
				<productLine autoLineStart="true" outputPerHour="40000000" title="FS19_WoolStorageShed_productLine" showInGUI="true">
					<inputs>
						<inputProduct name="IP_WOOL" percent="100" />
					</inputs>					
					<outputs>
						<outputProduct name="OP_WOOL" percent="100" />				
					</outputs>					
					<playerTrigger playerTriggerNode="PlayerTrigger" showPopupUI="true"/>					
				</productLine>
			</productLines>			
			<i3dMappings>
				<i3dMapping id="woolPack01" node="2|0|0|0"/>
				<i3dMapping id="woolPack02" node="2|0|0|1"/>
				<i3dMapping id="woolPack03" node="2|0|0|2"/>
				<i3dMapping id="woolPack04" node="2|0|0|3"/>
				<i3dMapping id="woolPack05" node="2|0|0|4"/>
				<i3dMapping id="woolPack06" node="2|0|0|5"/>
				<i3dMapping id="woolPack07" node="2|0|1|0"/>
				<i3dMapping id="woolPack08" node="2|0|1|1"/>
				<i3dMapping id="woolPack09" node="2|0|1|2"/>
				<i3dMapping id="woolPack10" node="2|0|1|3"/>
				<i3dMapping id="woolPack11" node="2|0|1|4"/>
				<i3dMapping id="woolPack12" node="2|0|1|5"/>
				<i3dMapping id="woolPack13" node="2|0|2|0"/>
				<i3dMapping id="woolPack14" node="2|0|2|1"/>
				<i3dMapping id="woolPack15" node="2|0|2|2"/>
				<i3dMapping id="woolPack16" node="2|0|2|3"/>
				<i3dMapping id="woolPack17" node="2|0|2|4"/>
				<i3dMapping id="woolPack18" node="2|0|2|5"/>
				<i3dMapping id="woolPack19" node="2|0|3|0"/>
				<i3dMapping id="woolPack20" node="2|0|3|1"/>
				<i3dMapping id="woolPack21" node="2|0|3|2"/>
				<i3dMapping id="woolPack22" node="2|0|3|3"/>
				<i3dMapping id="woolPack23" node="2|0|3|4"/>
				<i3dMapping id="woolPack24" node="2|0|3|5"/>
				<i3dMapping id="woolPack25" node="2|0|4|0"/>
				<i3dMapping id="woolPack26" node="2|0|4|1"/>
				<i3dMapping id="woolPack27" node="2|0|4|2"/>
				<i3dMapping id="woolPack28" node="2|0|4|3"/>
				<i3dMapping id="woolPack29" node="2|0|4|4"/>
				<i3dMapping id="woolPack30" node="2|0|4|5"/>
				<i3dMapping id="woolPack31" node="2|1|0|0"/>
				<i3dMapping id="woolPack32" node="2|1|0|1"/>
				<i3dMapping id="woolPack33" node="2|1|0|2"/>
				<i3dMapping id="woolPack34" node="2|1|0|3"/>
				<i3dMapping id="woolPack35" node="2|1|0|4"/>
				<i3dMapping id="woolPack36" node="2|1|0|5"/>
				<i3dMapping id="woolPack37" node="2|1|1|0"/>
				<i3dMapping id="woolPack38" node="2|1|1|1"/>
				<i3dMapping id="woolPack39" node="2|1|1|2"/>
				<i3dMapping id="woolPack40" node="2|1|1|3"/>
				<i3dMapping id="woolPack41" node="2|1|1|4"/>
				<i3dMapping id="woolPack42" node="2|1|1|5"/>
				<i3dMapping id="woolPack43" node="2|1|2|0"/>
				<i3dMapping id="woolPack44" node="2|1|2|1"/>
				<i3dMapping id="woolPack45" node="2|1|2|2"/>
				<i3dMapping id="woolPack46" node="2|1|2|3"/>
				<i3dMapping id="woolPack47" node="2|1|2|4"/>
				<i3dMapping id="woolPack48" node="2|1|2|5"/>
				<i3dMapping id="woolPack49" node="2|1|3|0"/>
				<i3dMapping id="woolPack50" node="2|1|3|1"/>
				<i3dMapping id="woolPack51" node="2|1|3|2"/>
				<i3dMapping id="woolPack52" node="2|1|3|3"/>
				<i3dMapping id="woolPack53" node="2|1|3|4"/>
				<i3dMapping id="woolPack54" node="2|1|3|5"/>
				<i3dMapping id="woolPack55" node="2|1|4|0"/>
				<i3dMapping id="woolPack56" node="2|1|4|1"/>
				<i3dMapping id="woolPack57" node="2|1|4|2"/>
				<i3dMapping id="woolPack58" node="2|1|4|3"/>
				<i3dMapping id="woolPack59" node="2|1|4|4"/>
				<i3dMapping id="woolPack60" node="2|1|4|5"/>
				<i3dMapping id="woolPack61" node="2|2|0|0"/>
				<i3dMapping id="woolPack62" node="2|2|0|1"/>
				<i3dMapping id="woolPack63" node="2|2|0|2"/>
				<i3dMapping id="woolPack64" node="2|2|0|3"/>
				<i3dMapping id="woolPack65" node="2|2|0|4"/>
				<i3dMapping id="woolPack66" node="2|2|0|5"/>
				<i3dMapping id="woolPack67" node="2|2|1|0"/>
				<i3dMapping id="woolPack68" node="2|2|1|1"/>
				<i3dMapping id="woolPack69" node="2|2|1|2"/>
				<i3dMapping id="woolPack70" node="2|2|1|3"/>
				<i3dMapping id="woolPack71" node="2|2|1|4"/>
				<i3dMapping id="woolPack72" node="2|2|1|5"/>
				<i3dMapping id="woolPack73" node="2|2|2|0"/>
				<i3dMapping id="woolPack74" node="2|2|2|1"/>
				<i3dMapping id="woolPack75" node="2|2|2|2"/>
				<i3dMapping id="woolPack76" node="2|2|2|3"/>
				<i3dMapping id="woolPack77" node="2|2|2|4"/>
				<i3dMapping id="woolPack78" node="2|2|2|5"/>
				<i3dMapping id="woolPack79" node="2|2|3|0"/>
				<i3dMapping id="woolPack80" node="2|2|3|1"/>
				<i3dMapping id="woolPack81" node="2|2|3|2"/>
				<i3dMapping id="woolPack82" node="2|2|3|3"/>
				<i3dMapping id="woolPack83" node="2|2|3|4"/>
				<i3dMapping id="woolPack84" node="2|2|3|5"/>
				<i3dMapping id="woolPack85" node="2|2|4|0"/>
				<i3dMapping id="woolPack86" node="2|2|4|1"/>
				<i3dMapping id="woolPack87" node="2|2|4|2"/>
				<i3dMapping id="woolPack88" node="2|2|4|3"/>
				<i3dMapping id="woolPack89" node="2|2|4|4"/>
				<i3dMapping id="woolPack90" node="2|2|4|5"/>
				<i3dMapping id="woolPack91" node="2|3|0|0"/>
				<i3dMapping id="woolPack92" node="2|3|0|1"/>
				<i3dMapping id="woolPack93" node="2|3|0|2"/>
				<i3dMapping id="woolPack94" node="2|3|0|3"/>
				<i3dMapping id="woolPack95" node="2|3|0|4"/>
				<i3dMapping id="woolPack96" node="2|3|0|5"/>
				<i3dMapping id="woolPack97" node="2|3|1|0"/>
				<i3dMapping id="woolPack98" node="2|3|1|1"/>
				<i3dMapping id="woolPack99" node="2|3|1|2"/>
				<i3dMapping id="woolPack100" node="2|3|1|3"/>
				<i3dMapping id="woolPack101" node="2|3|1|4"/>
				<i3dMapping id="woolPack102" node="2|3|1|5"/>
				<i3dMapping id="woolPack103" node="2|3|2|0"/>
				<i3dMapping id="woolPack104" node="2|3|2|1"/>
				<i3dMapping id="woolPack105" node="2|3|2|2"/>
				<i3dMapping id="woolPack106" node="2|3|2|3"/>
				<i3dMapping id="woolPack107" node="2|3|2|4"/>
				<i3dMapping id="woolPack108" node="2|3|2|5"/>
				<i3dMapping id="woolPack109" node="2|3|3|0"/>
				<i3dMapping id="woolPack110" node="2|3|3|1"/>
				<i3dMapping id="woolPack111" node="2|3|3|2"/>
				<i3dMapping id="woolPack112" node="2|3|3|3"/>
				<i3dMapping id="woolPack113" node="2|3|3|4"/>
				<i3dMapping id="woolPack114" node="2|3|3|5"/>
				<i3dMapping id="woolPack115" node="2|3|4|0"/>
				<i3dMapping id="woolPack116" node="2|3|4|1"/>
				<i3dMapping id="woolPack117" node="2|3|4|2"/>
				<i3dMapping id="woolPack118" node="2|3|4|3"/>
				<i3dMapping id="woolPack119" node="2|3|4|4"/>
				<i3dMapping id="woolPack120" node="2|3|4|5"/>
				
				<i3dMapping id="paletteP1B01" node="3|0|0|0"/>
				<i3dMapping id="paletteP1B02" node="3|0|0|1"/>
				<i3dMapping id="paletteP1B03" node="3|0|0|2"/>
				<i3dMapping id="paletteP1B04" node="3|0|0|3"/>
				<i3dMapping id="paletteP1B05" node="3|0|0|4"/>
				<i3dMapping id="paletteP1B06" node="3|0|1|0"/>
				<i3dMapping id="paletteP1B07" node="3|0|1|1"/>
				<i3dMapping id="paletteP1B08" node="3|0|1|2"/>
				<i3dMapping id="paletteP1B09" node="3|0|1|3"/>
				<i3dMapping id="paletteP1B10" node="3|0|1|4"/>
				<i3dMapping id="paletteP1B11" node="3|0|2|0"/>
				<i3dMapping id="paletteP1B12" node="3|0|2|1"/>
				<i3dMapping id="paletteP1B13" node="3|0|2|2"/>
				<i3dMapping id="paletteP1B14" node="3|0|2|3"/>
				<i3dMapping id="paletteP1B15" node="3|0|2|4"/>
				<i3dMapping id="paletteP1B16" node="3|0|3|0"/>
				<i3dMapping id="paletteP1B17" node="3|0|3|1"/>
				<i3dMapping id="paletteP1B18" node="3|0|3|2"/>
				<i3dMapping id="paletteP1B19" node="3|0|3|3"/>
				<i3dMapping id="paletteP1B20" node="3|0|3|4"/>
				<i3dMapping id="paletteP2B01" node="3|1|0|0"/>
				<i3dMapping id="paletteP2B02" node="3|1|0|1"/>
				<i3dMapping id="paletteP2B03" node="3|1|0|2"/>
				<i3dMapping id="paletteP2B04" node="3|1|0|3"/>
				<i3dMapping id="paletteP2B05" node="3|1|0|4"/>
				<i3dMapping id="paletteP2B06" node="3|1|1|0"/>
				<i3dMapping id="paletteP2B07" node="3|1|1|1"/>
				<i3dMapping id="paletteP2B08" node="3|1|1|2"/>
				<i3dMapping id="paletteP2B09" node="3|1|1|3"/>
				<i3dMapping id="paletteP2B10" node="3|1|1|4"/>
				<i3dMapping id="paletteP2B11" node="3|1|2|0"/>
				<i3dMapping id="paletteP2B12" node="3|1|2|1"/>
				<i3dMapping id="paletteP2B13" node="3|1|2|2"/>
				<i3dMapping id="paletteP2B14" node="3|1|2|3"/>
				<i3dMapping id="paletteP2B15" node="3|1|2|4"/>
				<i3dMapping id="paletteP2B16" node="3|1|3|0"/>
				<i3dMapping id="paletteP2B17" node="3|1|3|1"/>
				<i3dMapping id="paletteP2B18" node="3|1|3|2"/>
				<i3dMapping id="paletteP2B19" node="3|1|3|3"/>
				<i3dMapping id="paletteP2B20" node="3|1|3|4"/>
				
				<i3dMapping id="OP_Display" node="6|3" />	
				<i3dMapping id="IP_Display" node="5|2" />
							
				<i3dMapping id="start1" node="6|1|0" />
				<i3dMapping id="end1" 	node="6|1|0|0" />
				<i3dMapping id="start2" node="6|1|1" />
				<i3dMapping id="end2" 	node="6|1|1|0" />
				<i3dMapping id="start3" node="6|1|2" />
				<i3dMapping id="end3" 	node="6|1|2|0" />
				<i3dMapping id="start4" node="6|2|0" />
				<i3dMapping id="end4" 	node="6|2|0|0" />
				<i3dMapping id="start5" node="6|2|1" />
				<i3dMapping id="end5" 	node="6|2|1|0" />
				<i3dMapping id="start6" node="6|2|2" />
				<i3dMapping id="end6" 	node="6|2|2|0" />
				
				<i3dMapping id="PlayerTrigger" node="8" />	
			
				<i3dMapping id="trigger" node="6|0|0" />	
				<i3dMapping id="dischargeNode" node="6|0|1" />	
				
				<i3dMapping id="exactFillRootNode" node="5|1" />

			</i3dMappings>	
		</productionFactory>
	</productionFactories>	
	
	<dayNightObjects>
		<dayNightObject node="7|0|0|0" intensityDay="0" intensityNight="1" />
      	<dayNightObject node="7|0|0|1" visibleDay="false" visibleNight="true" />
	</dayNightObjects>
</placeable>