﻿<?xml version="1.0" encoding="utf-8" standalone="no" ?>
<vehicle type="autoloadTrailer">
	<annotation>Copyright (C) GIANTS Software GmbH, All Rights Reserved.</annotation>

    <storeData>
        <name>Lizard Flatdeck</name>
        <functions>
            <function>$l10n_function_easyAutoLoader</function>
        </functions>
		<specs>
            <combination>Truck, Dolly</combination>
        </specs>
        <image>store.png</image>
        <price>56000</price>
        <dailyUpkeep>45</dailyUpkeep>
        <lifetime>600</lifetime>
        <rotation>0</rotation>
        <brand>LIZARD</brand>
        <category>baling</category>
        <vertexBufferMemoryUsage>1831488</vertexBufferMemoryUsage>
        <indexBufferMemoryUsage>220302</indexBufferMemoryUsage>
        <textureMemoryUsage>19683288</textureMemoryUsage>
        <instanceVertexBufferMemoryUsage>0</instanceVertexBufferMemoryUsage>
        <instanceIndexBufferMemoryUsage>0</instanceIndexBufferMemoryUsage>
    </storeData>
	
	<base>
        <typeDesc>$l10n_typeDesc_baleTrailer</typeDesc>
		<filename>flatdeck.i3d</filename>
        <size width="4" length="16" lengthOffset="0.3"/>
        <components>
			<component centerOfMass="0 1.2 -0.17" solverIterationCount="10" mass="5370" />
        </components>
        <schemaOverlay attacherJointPosition="0 0">
            <default name="DEFAULT_IMPLEMENT"/>
            <selected name="DEFAULT_IMPLEMENT_SELECTED"/>
        </schemaOverlay>
    </base>

	<wheels>
        <wheelConfigurations>
            <wheelConfiguration name="$l10n_configuration_valueDefault" price="0">
                <wheels>
					<wheel filename="$data/shared/wheels/lizard/implement/315_80R22_5.xml" configId="truckBack3" isLeft="true" >
                        <physics tipOcclusionAreaGroupId="1" restLoad="1.1" repr="wheelLeftFront"   forcePointRatio="0.5"  initialCompression="24" suspTravel="0.17" spring="50" damper="70" />
                        <additionalWheel filename="$data/shared/wheels/lizard/implement/315_80R22_5.xml" configId="dual" offset="-0.65" />
                    </wheel>
                    <wheel filename="$data/shared/wheels/lizard/implement/315_80R22_5.xml" configId="truckBack3" isLeft="false" >
                        <physics tipOcclusionAreaGroupId="1" restLoad="1.1" repr="wheelRightFront"  forcePointRatio="0.5"  initialCompression="24" suspTravel="0.17" spring="50" damper="70" />
                        <additionalWheel filename="$data/shared/wheels/lizard/implement/315_80R22_5.xml" configId="dual" offset="-0.65" />
                    </wheel>
                    <wheel filename="$data/shared/wheels/lizard/implement/315_80R22_5.xml" configId="truckBack3" isLeft="true" >
                        <physics tipOcclusionAreaGroupId="1" restLoad="1.1" repr="wheelLeftMiddle"  forcePointRatio="0.5"  initialCompression="17" suspTravel="0.17" spring="50" damper="70" />
                        <additionalWheel filename="$data/shared/wheels/lizard/implement/315_80R22_5.xml" configId="dual" offset="-0.65" />
                        <wheelChock parkingNode="wheelChock01" />
                        <wheelChock parkingNode="wheelChock02" isInverted="true" />
                    </wheel>
                    <wheel filename="$data/shared/wheels/lizard/implement/315_80R22_5.xml" configId="truckBack3" isLeft="false" >
                        <physics tipOcclusionAreaGroupId="1" restLoad="1.1" repr="wheelRightMiddle" forcePointRatio="0.5"  initialCompression="17" suspTravel="0.17" spring="50" damper="70" />
                        <additionalWheel filename="$data/shared/wheels/lizard/implement/315_80R22_5.xml" configId="dual" offset="-0.65" />
                    </wheel>
                    <wheel filename="$data/shared/wheels/lizard/implement/315_80R22_5.xml" configId="truckBack3" isLeft="true" hasTireTracks="true" hasParticles="true" >
                        <physics tipOcclusionAreaGroupId="1" restLoad="1.1" repr="wheelLeftBack"    forcePointRatio="0.5"  initialCompression="10" suspTravel="0.17" spring="50" damper="70" />
                        <additionalWheel filename="$data/shared/wheels/lizard/implement/315_80R22_5.xml" configId="dual" offset="-0.65" />
                    </wheel>
                    <wheel filename="$data/shared/wheels/lizard/implement/315_80R22_5.xml" configId="truckBack3" isLeft="false" hasTireTracks="true" hasParticles="true" >
                        <physics tipOcclusionAreaGroupId="1" restLoad="1.1" repr="wheelRightBack"   forcePointRatio="0.5"  initialCompression="10" suspTravel="0.17" spring="50" damper="70" />
                        <additionalWheel filename="$data/shared/wheels/lizard/implement/315_80R22_5.xml" configId="dual" offset="-0.65" />
                    </wheel>
                </wheels>
				<objectChange node="wheelLeftFrontHub"   visibilityActive="false" visibilityInactive="true" />
                <objectChange node="wheelRightFrontHub"  visibilityActive="false" visibilityInactive="true" />
                <objectChange node="wheelLeftMiddleHub"  visibilityActive="false" visibilityInactive="true" />
                <objectChange node="wheelRightMiddleHub" visibilityActive="false" visibilityInactive="true" />
                <objectChange node="wheelLeftBackHub"    visibilityActive="false" visibilityInactive="true" />
                <objectChange node="wheelRightBackHub"   visibilityActive="false" visibilityInactive="true" />
            </wheelConfiguration>
            <wheelConfiguration name="$l10n_configuration_valueWheelBroad" price="600">
                <wheels>
                    <wheel filename="$data/shared/wheels/trelleborg/T404/560_45R22_5.xml" isLeft="true" hasParticles="true">
                        <physics restLoad="1.0" repr="wheelLeftFront"   forcePointRatio="0.3" initialCompression="37" suspTravel="0.20" spring="40" damper="42"/>
                    </wheel>
                    <wheel filename="$data/shared/wheels/trelleborg/T404/560_45R22_5.xml" isLeft="false" hasParticles="true">
                        <physics restLoad="1.0" repr="wheelRightFront"  forcePointRatio="0.3" initialCompression="37" suspTravel="0.20" spring="40" damper="42"/>
                    </wheel>
                    <wheel filename="$data/shared/wheels/trelleborg/T404/560_45R22_5.xml" isLeft="true" hasTireTracks="true">
                        <physics restLoad="1.0" repr="wheelLeftMiddle"  forcePointRatio="0.3" initialCompression="31" suspTravel="0.17" spring="40" damper="42"/>
                        <wheelChock parkingNode="wheelChock01" />
                        <wheelChock parkingNode="wheelChock02" isInverted="true" />
                    </wheel>
                    <wheel filename="$data/shared/wheels/trelleborg/T404/560_45R22_5.xml" isLeft="false" hasTireTracks="true">
                        <physics restLoad="1.0" repr="wheelRightMiddle" forcePointRatio="0.3" initialCompression="31" suspTravel="0.17" spring="40" damper="42"/>
                    </wheel>
                    <wheel filename="$data/shared/wheels/trelleborg/T404/560_45R22_5.xml" isLeft="true" hasParticles="true">
                        <physics restLoad="1.0" repr="wheelLeftBack"    forcePointRatio="0.3" initialCompression="20" suspTravel="0.15" spring="40" damper="42"/>
                    </wheel>
                    <wheel filename="$data/shared/wheels/trelleborg/T404/560_45R22_5.xml" isLeft="false" hasParticles="true">
                        <physics restLoad="1.0" repr="wheelRightBack"   forcePointRatio="0.3" initialCompression="20" suspTravel="0.15" spring="40" damper="42"/>
                    </wheel>
                </wheels>
				<objectChange node="wheelLeftFront" translationActive="1 0.624 -3.444" />
				<objectChange node="wheelRightFront" translationActive="-1 0.624 -3.444" />
				<objectChange node="wheelLeftMiddle" translationActive="1 0.624 -4.806" />
				<objectChange node="wheelRightMiddle" translationActive="-1 0.624 -4.806" />
				<objectChange node="wheelLeftBack" translationActive="1 0.624 -6.195" />
				<objectChange node="wheelRightBack" translationActive="-1 0.624 -6.195" />
            </wheelConfiguration>
        </wheelConfigurations>
		<hubs>
            <hub linkNode="wheelLeftFrontHub"   filename="$data/shared/wheels/hubs/hub_n10_5.xml" isLeft="true"  scale="0.285 0.285 0.285" />
            <hub linkNode="wheelRightFrontHub"  filename="$data/shared/wheels/hubs/hub_n10_5.xml" isLeft="false" scale="0.285 0.285 0.285" />
            <hub linkNode="wheelLeftMiddleHub"  filename="$data/shared/wheels/hubs/hub_n10_5.xml" isLeft="true"  scale="0.285 0.285 0.285" />
            <hub linkNode="wheelRightMiddleHub" filename="$data/shared/wheels/hubs/hub_n10_5.xml" isLeft="false" scale="0.285 0.285 0.285" />
            <hub linkNode="wheelLeftBackHub"    filename="$data/shared/wheels/hubs/hub_n10_5.xml" isLeft="true"  scale="0.285 0.285 0.285" />
            <hub linkNode="wheelRightBackHub"   filename="$data/shared/wheels/hubs/hub_n10_5.xml" isLeft="false" scale="0.285 0.285 0.285" />
        </hubs>
    </wheels>

	<dynamicallyLoadedParts>
        <dynamicallyLoadedPart node="0" linkNode="chockSupport01" filename="$data/shared/assets/wheelChocks/wheelChockSupport01.i3d"/>
        <dynamicallyLoadedPart node="0" linkNode="chockSupport02" filename="$data/shared/assets/wheelChocks/wheelChockSupport01.i3d"/>
    </dynamicallyLoadedParts>
	
	<connectionHoses>
        <hose inputAttacherJointIndices="1" type="airDoubleRed" node="hydraulicIn" length="1.75" diameter="0.02" minDeltaY="-0.05"/>
        <hose inputAttacherJointIndices="1" type="airDoubleYellow" node="hydraulicOut" length="1.75" diameter="0.02" minDeltaY="-0.05"/>
    </connectionHoses>
	
	<lights>
		<sharedLight linkNode="whiteRoundReflector01" filename="$data/shared/assets/reflectors/lizard/whiteRound_01.xml" />
        <sharedLight linkNode="whiteRoundReflector02" filename="$data/shared/assets/reflectors/lizard/whiteRound_01.xml" />
		<sharedLight linkNode="yellowRoundReflector01" filename="$data/shared/assets/reflectors/lizard/yellowRound_01.xml" />
        <sharedLight linkNode="yellowRoundReflector02" filename="$data/shared/assets/reflectors/lizard/yellowRound_01.xml" />
		<sharedLight linkNode="sideMarker_1" filename="lights/sideMarker_06Orange.xml" />
        <sharedLight linkNode="sideMarker_2" filename="lights/sideMarker_06Orange.xml" />
        <sharedLight linkNode="sideMarker_3" filename="lights/sideMarker_06Orange.xml" />
        <sharedLight linkNode="sideMarker_4" filename="lights/sideMarker_06Orange.xml" />
        <sharedLight linkNode="sideMarker_5" filename="lights/sideMarker_06Orange.xml" />
        <sharedLight linkNode="sideMarker_6" filename="lights/sideMarker_06Orange.xml" />
        <sharedLight linkNode="sideMarker_7" filename="lights/sideMarker_06Orange.xml" />
        <sharedLight linkNode="sideMarker_8" filename="lights/sideMarker_06Orange.xml" />
        <sharedLight linkNode="sideMarker_9" filename="lights/sideMarker_06Orange.xml" />
        <sharedLight linkNode="sideMarker_10" filename="lights/sideMarker_06Orange.xml" />
		<sharedLight linkNode="sideMarker_11" filename="lights/sideMarker_06Orange.xml" />
        <sharedLight linkNode="sideMarker_12" filename="lights/sideMarker_06Orange.xml" />
        <sharedLight linkNode="sideMarker_13" filename="lights/sideMarker_06Orange.xml" />
        <sharedLight linkNode="sideMarker_14" filename="lights/sideMarker_06Orange.xml" />
        <sharedLight linkNode="sideMarker_15" filename="lights/sideMarker_06Orange.xml" />
        <sharedLight linkNode="sideMarker_16" filename="lights/sideMarker_06Orange.xml" />
        <sharedLight linkNode="sideMarker_17" filename="lights/sideMarker_06Orange.xml" />
        <sharedLight linkNode="sideMarker_18" filename="lights/sideMarker_06Orange.xml" />
		<sharedLight linkNode="rearMultipointLight_03_left" filename="$data/shared/assets/lights/lizard/rearMultipointLight_03_left.xml" />
        <sharedLight linkNode="rearMultipointLight_03_right" filename="$data/shared/assets/lights/lizard/rearMultipointLight_03_right.xml" />

		<realLights>
            <high>
                <light node="backLightsHigh" lightTypes="0" />
                <turnLightLeft node="turnLightLeftBack" />
                <turnLightRight node="turnLightRightBack" />
                <brakeLight node="backLightsHigh" />
				<reverseLight node="reverseLight"/>
            </high>
        </realLights>
    </lights>
	
	<attachable>
        <inputAttacherJoints>
            <inputAttacherJoint node="attacherJoint" jointType="semitrailer"/>
        </inputAttacherJoints>
        <support animationName="moveSupport"/>
        <brakeForce>0.6</brakeForce>
    </attachable>
	
	<tensionBelts>
        <tensionBeltsConfigurations>
            <tensionBeltsConfiguration>
                <tensionBelts linkNode="tensionBelts" jointNode="flatdeck_main_component1" width="0.075" maxEdgeLength="0.1" geometryBias="0.01" ratchetPosition="0.2" defaultOffset="-0.25" defaultOffsetSide="0.1" defaultHeight="2.75" interactionRadius="1.5" totalInteractionRadius="6.5" activationTrigger="beltActivationTrigger">
                    <tensionBelt startNode="beltStart1" endNode="beltEnd1" offsetLeft="1.3"/>
                    <tensionBelt startNode="beltStart2" endNode="beltEnd2"/>
                    <tensionBelt startNode="beltStart3" endNode="beltEnd3"/>
                    <tensionBelt startNode="beltStart4" endNode="beltEnd4"/>
                    <tensionBelt startNode="beltStart5" endNode="beltEnd5"/>
                    <tensionBelt startNode="beltStart6" endNode="beltEnd6"/>
                    <tensionBelt startNode="beltStart7" endNode="beltEnd7"/>
                    <tensionBelt startNode="beltStart8" endNode="beltEnd8"/>
					<tensionBelt startNode="beltStart9" endNode="beltEnd9"/>
					<tensionBelt startNode="beltStart10" endNode="beltEnd10"/>
                    <tensionBelt startNode="beltStart11" endNode="beltEnd11"/>
                    <tensionBelt startNode="beltStart12" endNode="beltEnd12"/>
                    <tensionBelt startNode="beltStart13" endNode="beltEnd13"/>
                    <tensionBelt startNode="beltStart14" endNode="beltEnd14"/>
                    <tensionBelt startNode="beltStart15" endNode="beltEnd15"/>
                    <tensionBelt startNode="beltStart16" endNode="beltEnd16" offsetRight="1.2"/>
                </tensionBelts>
            </tensionBeltsConfiguration>
        </tensionBeltsConfigurations>
    </tensionBelts>
	
    <animations>
		<animation name="moveSupport">
			<part node="support"   startTime="0"  endTime="0.2" startTrans="0 0.899 4.111" endTrans="0 0.373 4.111" />
		</animation>
		<animation name="moveTrigger">
			<part node="ealTriggersIndex"   startTime="0"  endTime="0.001" startTrans="0 -10 0" endTrans="0 0 0" />
		</animation>
    </animations>

	<!--Configurable options for EasyAutoLoad-->
	<easyAutoLoad objectsIndex="ealObjectsIndex" triggersIndex="ealTriggersIndex" markerPositionsIndex="ealMarkerPositionsIndex" markerIndex="ealMarkerIndex" triggerAnimation="moveTrigger" centerMarkerIndex="1" unloadHeightOffset="-0.75">
		<levelBarOptions coloredIcons="true" iconColor="0.6307 0.6307 0.6307 1" fillLevelColor="0.991 0.3865 0.01 1"/>
		<palletIcon colorIcon="textures/pallet.png" overlayIcon="textures/palletIconOverlay.png"/>
		<roundBaleIcon colorIcon="textures/roundBale.png" overlayIcon="textures/roundBaleIconOverlay.png"/>
		<squareBaleIcon colorIcon="textures/squareBale.png" overlayIcon="textures/squareBaleIconOverlay.png"/>
		<weightIcon colorIcon="textures/weightIcon.png" overlayIcon="textures/weightIconOverlay.png"/>
		<moveableMarkerOptions minX="0 4 -25 -25" maxX="0 25 25 -4" minY="0 -0.7 -0.7 -0.7" maxY="0 15 15 15" minZ="0 -20 -30 -20" maxZ="0 20 -16 20" markerMoveSpeed="0.05"/>
	</easyAutoLoad>
	
	<foliageBending>
        <bendingNode minX="-1.35" maxX="1.35" minZ="-8.19" maxZ="7.45" yOffset="0.6" />
    </foliageBending>

    <wearable wearDuration="480" workMultiplier="5" fieldMultiplier="2"/>
    <washable dirtDuration="90" washDuration="1" workMultiplier="3" fieldMultiplier="2"/>

    <i3dMappings>
		<i3dMapping id="flatdeck_main_component1" node="0>" />
        <i3dMapping id="attacherJoint" node="0>0|0|0" />
        <i3dMapping id="support" node="0>0|0|1" />
        <i3dMapping id="chockSupport01" node="0>0|0|2|0" />
        <i3dMapping id="chockSupport02" node="0>0|0|2|1" />
        <i3dMapping id="wheelChock01" node="0>0|0|2|2" />
        <i3dMapping id="wheelChock02" node="0>0|0|2|3" />
        <i3dMapping id="wheelLeftFront" node="0>0|1|0" />
        <i3dMapping id="wheelLeftFrontHub" node="0>0|1|0|0" />
        <i3dMapping id="wheelRightFront" node="0>0|1|1" />
        <i3dMapping id="wheelRightFrontHub" node="0>0|1|1|0" />
        <i3dMapping id="wheelLeftMiddle" node="0>0|1|2" />
        <i3dMapping id="wheelLeftMiddleHub" node="0>0|1|2|0" />
        <i3dMapping id="wheelRightMiddle" node="0>0|1|3" />
        <i3dMapping id="wheelRightMiddleHub" node="0>0|1|3|0" />
        <i3dMapping id="wheelLeftBack" node="0>0|1|4" />
        <i3dMapping id="wheelLeftBackHub" node="0>0|1|4|0" />
        <i3dMapping id="wheelRightBack" node="0>0|1|5" />
        <i3dMapping id="wheelRightBackHub" node="0>0|1|5|0" />
		<i3dMapping id="rearMultipointLight_03_left" node="0>0|3|1" />
        <i3dMapping id="rearMultipointLight_03_right" node="0>0|3|2" />
		<i3dMapping id="backLightsHigh" node="0>0|3|3" />
		<i3dMapping id="turnLightLeftBack" node="0>0|3|4" />
        <i3dMapping id="turnLightRightBack" node="0>0|3|5" />
		<i3dMapping id="reverseLight" node="0>0|3|6" />
		<i3dMapping id="whiteRoundReflector01" node="0>0|3|0|0" />
        <i3dMapping id="whiteRoundReflector02" node="0>0|3|0|1" />
		<i3dMapping id="yellowRoundReflector01" node="0>0|3|0|2" />
        <i3dMapping id="yellowRoundReflector02" node="0>0|3|0|3" />
		<i3dMapping id="sideMarker_1" node="0>0|3|7|0" />
		<i3dMapping id="sideMarker_2" node="0>0|3|7|1" />
		<i3dMapping id="sideMarker_3" node="0>0|3|7|2" />
		<i3dMapping id="sideMarker_4" node="0>0|3|7|3" />
		<i3dMapping id="sideMarker_5" node="0>0|3|7|4" />
		<i3dMapping id="sideMarker_6" node="0>0|3|7|5" />
		<i3dMapping id="sideMarker_7" node="0>0|3|7|6" />
		<i3dMapping id="sideMarker_8" node="0>0|3|7|7" />
		<i3dMapping id="sideMarker_9" node="0>0|3|7|8" />
		<i3dMapping id="sideMarker_10" node="0>0|3|7|9" />
		<i3dMapping id="sideMarker_11" node="0>0|3|7|10" />
        <i3dMapping id="sideMarker_12" node="0>0|3|7|11" />
        <i3dMapping id="sideMarker_13" node="0>0|3|7|12" />
        <i3dMapping id="sideMarker_14" node="0>0|3|7|13" />
        <i3dMapping id="sideMarker_15" node="0>0|3|7|14" />
        <i3dMapping id="sideMarker_16" node="0>0|3|7|15" />
        <i3dMapping id="sideMarker_17" node="0>0|3|7|16" />
        <i3dMapping id="sideMarker_18" node="0>0|3|7|17" />
        <i3dMapping id="tensionBelts" node="0>0|4" />
        <i3dMapping id="beltStart1" node="0>0|4|0" />
        <i3dMapping id="beltEnd1" node="0>0|4|0|0" />
        <i3dMapping id="beltStart2" node="0>0|4|1" />
        <i3dMapping id="beltEnd2" node="0>0|4|1|0" />
        <i3dMapping id="beltStart3" node="0>0|4|2" />
        <i3dMapping id="beltEnd3" node="0>0|4|2|0" />
        <i3dMapping id="beltStart4" node="0>0|4|3" />
        <i3dMapping id="beltEnd4" node="0>0|4|3|0" />
        <i3dMapping id="beltStart5" node="0>0|4|4" />
        <i3dMapping id="beltEnd5" node="0>0|4|4|0" />
        <i3dMapping id="beltStart6" node="0>0|4|5" />
        <i3dMapping id="beltEnd6" node="0>0|4|5|0" />
        <i3dMapping id="beltStart7" node="0>0|4|6" />
        <i3dMapping id="beltEnd7" node="0>0|4|6|0" />
        <i3dMapping id="beltStart8" node="0>0|4|7" />
        <i3dMapping id="beltEnd8" node="0>0|4|7|0" />
        <i3dMapping id="beltStart9" node="0>0|4|8" />
        <i3dMapping id="beltEnd9" node="0>0|4|8|0" />
		<i3dMapping id="beltStart10" node="0>0|4|9" />
		<i3dMapping id="beltEnd10" node="0>0|4|9|0" />
        <i3dMapping id="beltStart11" node="0>0|4|10" />
        <i3dMapping id="beltEnd11" node="0>0|4|10|0" />
        <i3dMapping id="beltStart12" node="0>0|4|11" />
        <i3dMapping id="beltEnd12" node="0>0|4|11|0" />
        <i3dMapping id="beltStart13" node="0>0|4|12" />
        <i3dMapping id="beltEnd13" node="0>0|4|12|0" />
        <i3dMapping id="beltStart14" node="0>0|4|13" />
        <i3dMapping id="beltEnd14" node="0>0|4|13|0" />
        <i3dMapping id="beltStart15" node="0>0|4|14" />
        <i3dMapping id="beltEnd15" node="0>0|4|14|0" />
		<i3dMapping id="beltStart16" node="0>0|4|15" />
        <i3dMapping id="beltEnd16" node="0>0|4|15|0" />
        <i3dMapping id="beltActivationTrigger" node="0>0|4|16" />
		<i3dMapping id="ealObjectsIndex" node="0>0|5|1" />
        <i3dMapping id="ealTriggersIndex" node="0>0|5|3" />
		<i3dMapping id="ealMarkerPositionsIndex" node="0>0|5|2" />
        <i3dMapping id="ealMarkerIndex" node="0>0|5|0" />
		<i3dMapping id="hydraulicIn" node="0>0|0|0|1" />
        <i3dMapping id="hydraulicOut" node="0>0|0|0|0" />
    </i3dMappings>
	
</vehicle>