﻿<?xml version="1.0" encoding="utf-8" standalone="no" ?>
<modDesc descVersion="40">
    <author>Edward`s Modding</author>
    <version>1.0.0.0</version>
	<title>
        <en>BREDAL K165 XXL</en>
    </title>
    <description>
        <en>
            <![CDATA[BREDAL K165 XXL]]>
        </en>
        <de>
            <![CDATA[BREDAL K165 XXL]]>
        </de>
    </description>
    <iconFilename>store_bredalK165.dds</iconFilename>
	<multiplayer supported="true" />
    <storeItems>
        <storeItem rootNode="vehicle" xmlFilename="K165.xml"/>
    </storeItems>
</modDesc>
